source_target	target	ICA_01	ICA_02	ICA_03	ICA_04	ICA_05	ICA_06	ICA_07	ICA_08	ICA_09	ICA_10	ICA_11	ICA_12	ICA_13	ICA_14	ICA_15	ICA_16	ICA_17	ICA_18	ICA_19	ICA_20
Trp53	TRP53	-1.122962697	0.654446607	-0.489811054	1.001444405	0.244313088	-0.304684848	0.312037009	0.313220287	0.569589975	0.003529951	-0.443497848	0.353311078	0.028577598	-0.507917261	-0.281169448	-0.277013187	-0.645936452	0.465595474	0.00850983	-0.033816773
Keap1	KEAP1	-0.093310789	0.388042128	0.243015022	0.427797426	-0.550947241	-0.220966225	-0.081705647	-0.381341841	-0.0598678	-0.111043633	0.410647398	0.057424967	-0.336276243	-0.119013519	-0.430081331	-1.580806975	0.110084804	-0.47185009	-0.128513588	-0.072123598
Nkx2-1	NKX21	-0.553172353	0.97305394	0.267322579	0.755801016	0.190304286	-0.420068604	-0.793255793	1.898084744	-0.061696962	-0.285241248	0.994317322	1.198628256	-0.493708891	-0.631195624	0.34330771	-0.731219145	0.517278821	-0.568241715	0.690310549	-0.599568713
Becn1	BECN1	-0.146106073	0.609667605	0.100096938	1.637667273	-0.319563232	-0.355755542	0.450201986	1.080634933	0.372037446	-0.193570548	-0.153689661	0.237933352	0.168298485	-0.557509407	-0.476055289	-0.579680146	0.0359901	-0.049332227	-0.176259691	0.088939885
Fzd5	FZD5	0.072635034	0.085729786	-0.144394058	-0.080325566	-0.127832946	-0.191373275	-0.04993097	-0.071002479	0.065712767	-0.143520983	-0.078270379	-0.112371096	-0.117585024	0.01368416	-0.077348898	-0.028857016	0.15971104	0.06460602	0.038157153	-0.181636005
Egfr	EGFR	0.224722643	-0.016817084	0.057154601	0.043698625	-0.180835418	0.029981371	-0.381177614	0.008475189	-0.102071431	0.057899369	0.023409235	-0.107397854	-0.111116764	-0.094204963	0.053544443	0.084439243	-0.01256058	-0.081278682	0.105420793	0.191393606
Csnk2a1	CSNK2A1	0.168806196	0.078981907	0.440892676	-0.289344522	0.525105713	-0.100431529	-0.496503909	0.169723731	0.251091051	0.460713526	0.345561724	0.034116815	0.880857484	-0.100777646	0.19593131	0.165321767	0.038741117	-0.003815379	0.156178493	0.091977837
Elovl1	ELOVL1	0.196042137	0.075037567	0.302531412	0.133337421	-0.328119925	-0.048017296	-0.406840842	-0.174476223	0.198532983	-0.214320658	0.253238192	-0.093060254	-0.040275644	-0.012337189	-0.126010757	-0.081780934	-0.444319862	-0.051806571	0.117929077	0.143305546
Erbb4	ERBB4	0.275242085	-0.032100603	0.182559663	0.002798778	-0.151721537	-0.027920314	-0.311965319	0.033607068	-0.026679092	0.080319015	0.002680449	-0.10077359	-0.016823871	-0.064762313	0.042593255	0.055450812	0.017312824	-0.07283589	0.179007874	0.119644776
Erbb3	ERBB3	0.636573808	-0.334552113	0.01273669	-0.112626833	-0.857420436	0.172914455	-0.24294323	-0.526257942	0.278449542	-0.743673468	0.720663107	-0.357315378	-0.598002983	-0.110751356	-0.341839103	-0.107513058	-0.456792545	0.310152322	-0.088106625	0.009809513
Atp6v0e	ATP6V0E	0.251587995	-0.067219833	0.055757571	-0.345656735	-0.265782227	0.193005092	-0.272265431	0.114739385	0.253883362	0.002447302	0.36091998	-0.172936316	-0.407629643	-0.098099675	-0.001430778	-0.039970556	-0.335354843	0.252920229	-0.048997033	0.018831659
Erbb2	ERBB2	0.273704612	0.18833882	0.103853761	0.103736527	-0.512820096	-0.091487902	-0.208267748	-0.268049653	0.16952992	-0.310965208	0.321839015	-0.277573984	-0.280604258	-0.047989222	-0.154001548	-0.140630323	0.018912566	0.376736477	0.035630581	0.091152999
Slc34a2	SLC34A2	0.019863289	-0.024150207	-0.144287408	-0.154926461	0.837208914	-0.017679219	0.193376193	0.402412934	0.038827808	0.457474053	-0.232838038	-0.081461018	0.179764925	-0.27956871	0.231840434	0.183172187	-0.030903832	0.114298154	-0.065050833	-0.17845447
Ctnnb1	CTNNB1	-0.671909836	0.34824574	-0.235814676	0.128869161	0.241077911	-0.128728462	0.436815897	0.641383756	0.024406088	0.344347657	0.078774439	-0.352669831	0.232097352	-0.031792821	0.041555768	-0.092094553	-0.827936713	-0.325105346	0.178534616	0.115199776
Porcn	PORCN	0.008687359	0.303731816	0.07042895	0.228419677	-0.166240085	-0.092778727	-0.007572413	-0.143245985	-0.165526664	-0.086018727	0.087607214	-0.198993093	-0.247728676	-0.03086411	-0.05593084	-0.009001975	0.182006192	-0.053602814	0.001342628	-0.15080271
Cdkn2b	CDKN2B	-0.431700721	0.576989659	0.379192657	0.509046436	0.471486224	-0.265439791	0.350382202	0.190883746	0.602942262	0.066014855	-0.210180879	-0.16194704	-0.072565556	-0.157556152	-0.001967092	0.035569313	-0.208447896	-0.127934259	-0.099231509	-0.037647956
