left	right	omitted	omitted_present	eligible_targets	spearman
mouse__AT1_maintext	human__Hippo_figure4	NKX21	True	194	0.1300826303657349
mouse__AT1_maintext	human__Hippo_figure4	BECN1	True	194	0.10647935473532395
mouse__AT1_maintext	human__Hippo_figure4	KEAP1	True	194	0.12087043344988967
mouse__AT1_maintext	human__Hippo_figure4	TRP53	True	194	0.10490974758909163
mouse__AT1_maintext	human__Hippo_figure4	CDKN2B	True	194	0.11086768047400491
mouse__AT1_maintext	human__Hippo_figure4	CTNNB1	True	194	0.1281974582225637
mouse__AT1_maintext	human__Hippo_figure4	CSNK2A1	True	194	0.12132570170068166
mouse__AT1_maintext	human__Hippo_figure4	ELOVL1	True	194	0.10376582447518828
mouse__AT1_maintext	human__Hippo_figure4	ATP6V0E	True	194	0.10282077305206411
mouse__AT1_maintext	human__Hippo_figure4	SLC34A2	True	194	0.11179629622020518
mouse__AT1_maintext	human__Hippo_figure4	FZD5	True	194	0.11516560998960441
mouse__AT1_maintext	human__Hippo_figure4	PORCN	True	194	0.11099752232170372
mouse__AT1_maintext	human__Hippo_figure4	ERBB2	True	194	0.10176231545816504
mouse__AT1_maintext	human__Hippo_figure4	ERBB3	True	194	0.10251506946127958
mouse__AT1_maintext	human__Hippo_figure4	EGFR	True	194	0.11182094973559104
mouse__AT1_maintext	human__Hippo_figure4	ERBB4	True	194	0.1148155300711254
mouse__AT1_maintext	human__ID_figure4	NKX21	True	194	0.008946760733524262
mouse__AT1_maintext	human__ID_figure4	BECN1	True	194	0.01049171436437074
mouse__AT1_maintext	human__ID_figure4	KEAP1	True	194	0.019726921227909422
mouse__AT1_maintext	human__ID_figure4	TRP53	True	194	0.02092836921104642
mouse__AT1_maintext	human__ID_figure4	CDKN2B	True	194	0.013317007227588926
mouse__AT1_maintext	human__ID_figure4	CTNNB1	True	194	0.005618536156434773
mouse__AT1_maintext	human__ID_figure4	CSNK2A1	True	194	-0.00272750058552099
mouse__AT1_maintext	human__ID_figure4	ELOVL1	True	194	0.016816162844686962
mouse__AT1_maintext	human__ID_figure4	ATP6V0E	True	194	0.02314882916346513
mouse__AT1_maintext	human__ID_figure4	SLC34A2	True	194	0.012590550307552604
mouse__AT1_maintext	human__ID_figure4	FZD5	True	194	0.010077535305888492
mouse__AT1_maintext	human__ID_figure4	PORCN	True	194	0.015530892909238083
mouse__AT1_maintext	human__ID_figure4	ERBB2	True	194	-0.001369913671606957
mouse__AT1_maintext	human__ID_figure4	ERBB3	True	194	0.02703093605289001
mouse__AT1_maintext	human__ID_figure4	EGFR	True	194	0.010200802882817732
mouse__AT1_maintext	human__ID_figure4	ERBB4	True	194	0.013302215118357417
mouse__AT1_maintext	human__OXPHOS_figure4	NKX21	True	194	-0.1631019053058474
mouse__AT1_maintext	human__OXPHOS_figure4	BECN1	True	194	-0.14667280265271823
mouse__AT1_maintext	human__OXPHOS_figure4	KEAP1	True	194	-0.14657254502348246
mouse__AT1_maintext	human__OXPHOS_figure4	TRP53	True	194	-0.1379635374507443
mouse__AT1_maintext	human__OXPHOS_figure4	CDKN2B	True	194	-0.14305202302638337
mouse__AT1_maintext	human__OXPHOS_figure4	CTNNB1	True	194	-0.14058831505549094
mouse__AT1_maintext	human__OXPHOS_figure4	CSNK2A1	True	194	-0.13279944776125535
mouse__AT1_maintext	human__OXPHOS_figure4	ELOVL1	True	194	-0.13896447017540975
mouse__AT1_maintext	human__OXPHOS_figure4	ATP6V0E	True	194	-0.13516782880598915
mouse__AT1_maintext	human__OXPHOS_figure4	SLC34A2	True	194	-0.145638998574205
mouse__AT1_maintext	human__OXPHOS_figure4	FZD5	True	194	-0.1369773968353104
mouse__AT1_maintext	human__OXPHOS_figure4	PORCN	True	194	-0.14759813126353374
mouse__AT1_maintext	human__OXPHOS_figure4	ERBB2	True	194	-0.1555842266808561
mouse__AT1_maintext	human__OXPHOS_figure4	ERBB3	True	194	-0.14742720022352518
mouse__AT1_maintext	human__OXPHOS_figure4	EGFR	True	194	-0.1462093165634643
mouse__AT1_maintext	human__OXPHOS_figure4	ERBB4	True	194	-0.14470216498954278
mouse__AT1_maintext	human__PLIN2_sentinel	NKX21	True	194	0.06998064699042211
mouse__AT1_maintext	human__PLIN2_sentinel	BECN1	True	194	0.07559014352454872
mouse__AT1_maintext	human__PLIN2_sentinel	KEAP1	True	194	0.07193813611205845
mouse__AT1_maintext	human__PLIN2_sentinel	TRP53	True	194	0.07315766333981172
mouse__AT1_maintext	human__PLIN2_sentinel	CDKN2B	True	194	0.08650343300201749
mouse__AT1_maintext	human__PLIN2_sentinel	CTNNB1	True	194	0.0952932330209185
mouse__AT1_maintext	human__PLIN2_sentinel	CSNK2A1	True	194	0.07024361782120449
mouse__AT1_maintext	human__PLIN2_sentinel	ELOVL1	True	194	0.07051809362583358
mouse__AT1_maintext	human__PLIN2_sentinel	ATP6V0E	True	194	0.0705821927658368
mouse__AT1_maintext	human__PLIN2_sentinel	SLC34A2	True	194	0.08510968759887086
mouse__AT1_maintext	human__PLIN2_sentinel	FZD5	True	194	0.09097393712531793
mouse__AT1_maintext	human__PLIN2_sentinel	PORCN	True	194	0.08728412765590267
mouse__AT1_maintext	human__PLIN2_sentinel	ERBB2	True	194	0.07056082638583573
mouse__AT1_maintext	human__PLIN2_sentinel	ERBB3	True	194	0.07001844904734707
mouse__AT1_maintext	human__PLIN2_sentinel	EGFR	True	194	0.08301578235876618
mouse__AT1_maintext	human__PLIN2_sentinel	ERBB4	True	194	0.08496834077732533
mouse__AT1_maintext	human__chemokines_figure4	NKX21	True	194	0.09494644023782424
mouse__AT1_maintext	human__chemokines_figure4	BECN1	True	194	0.10334507114593648
mouse__AT1_maintext	human__chemokines_figure4	KEAP1	True	194	0.10180340465047477
mouse__AT1_maintext	human__chemokines_figure4	TRP53	True	194	0.1018790087643247
mouse__AT1_maintext	human__chemokines_figure4	CDKN2B	True	194	0.11022833264166525
mouse__AT1_maintext	human__chemokines_figure4	CTNNB1	True	194	0.10822646719233438
mouse__AT1_maintext	human__chemokines_figure4	CSNK2A1	True	194	0.09661137431021517
mouse__AT1_maintext	human__chemokines_figure4	ELOVL1	True	194	0.09631717569327738
mouse__AT1_maintext	human__chemokines_figure4	ATP6V0E	True	194	0.0975317722179535
mouse__AT1_maintext	human__chemokines_figure4	SLC34A2	True	194	0.10876720096313067
mouse__AT1_maintext	human__chemokines_figure4	FZD5	True	194	0.12023108561755001
mouse__AT1_maintext	human__chemokines_figure4	PORCN	True	194	0.11125556244940892
mouse__AT1_maintext	human__chemokines_figure4	ERBB2	True	194	0.10926027127084763
mouse__AT1_maintext	human__chemokines_figure4	ERBB3	True	194	0.11753563460203062
mouse__AT1_maintext	human__chemokines_figure4	EGFR	True	194	0.10797007063232157
mouse__AT1_maintext	human__chemokines_figure4	ERBB4	True	194	0.11159249382634885
mouse__AT1_maintext	human__wound_figure4	NKX21	True	194	0.045213725433799146
mouse__AT1_maintext	human__wound_figure4	BECN1	True	194	0.02175015305724135
mouse__AT1_maintext	human__wound_figure4	KEAP1	True	194	0.02086427007104321
mouse__AT1_maintext	human__wound_figure4	TRP53	True	194	0.0256684184358988
mouse__AT1_maintext	human__wound_figure4	CDKN2B	True	194	0.02698162902211831
mouse__AT1_maintext	human__wound_figure4	CTNNB1	True	194	0.042597165667514474
mouse__AT1_maintext	human__wound_figure4	CSNK2A1	True	194	0.04130039075821886
mouse__AT1_maintext	human__wound_figure4	ELOVL1	True	194	0.017636303123189506
mouse__AT1_maintext	human__wound_figure4	ATP6V0E	True	194	0.020455021715638132
mouse__AT1_maintext	human__wound_figure4	SLC34A2	True	194	0.02801214596524676
mouse__AT1_maintext	human__wound_figure4	FZD5	True	194	0.025551725129739123
mouse__AT1_maintext	human__wound_figure4	PORCN	True	194	0.026952044803655296
mouse__AT1_maintext	human__wound_figure4	ERBB2	True	194	0.014926059998438608
mouse__AT1_maintext	human__wound_figure4	ERBB3	True	194	0.015450358092310977
mouse__AT1_maintext	human__wound_figure4	EGFR	True	194	0.02842632502372901
mouse__AT1_maintext	human__wound_figure4	ERBB4	True	194	0.02775246226984916
mouse__AT2_figure3	human__Hippo_figure4	NKX21	True	194	0.08512447970810236
mouse__AT2_figure3	human__Hippo_figure4	BECN1	True	194	0.061882788970017207
mouse__AT2_figure3	human__Hippo_figure4	KEAP1	True	194	0.06447798235630083
mouse__AT2_figure3	human__Hippo_figure4	TRP53	True	194	0.07591721349533431
mouse__AT2_figure3	human__Hippo_figure4	CDKN2B	True	194	0.07752133556310684
mouse__AT2_figure3	human__Hippo_figure4	CTNNB1	True	194	0.0757906587830203
mouse__AT2_figure3	human__Hippo_figure4	CSNK2A1	True	194	0.07665681895690975
mouse__AT2_figure3	human__Hippo_figure4	ELOVL1	True	194	0.07983219173860698
mouse__AT2_figure3	human__Hippo_figure4	ATP6V0E	True	194	0.06866086213343303
mouse__AT2_figure3	human__Hippo_figure4	SLC34A2	True	194	0.07546030167684993
mouse__AT2_figure3	human__Hippo_figure4	FZD5	True	194	0.06942347754270194
mouse__AT2_figure3	human__Hippo_figure4	PORCN	True	194	0.06855567380112008
mouse__AT2_figure3	human__Hippo_figure4	ERBB2	True	194	0.08266405887259473
mouse__AT2_figure3	human__Hippo_figure4	ERBB3	True	194	0.08156451208638592
mouse__AT2_figure3	human__Hippo_figure4	EGFR	True	194	0.06667871949641085
mouse__AT2_figure3	human__Hippo_figure4	ERBB4	True	194	0.061499837697690365
mouse__AT2_figure3	human__ID_figure4	NKX21	True	194	0.5066420679368705
mouse__AT2_figure3	human__ID_figure4	BECN1	True	194	0.5064366219753218
mouse__AT2_figure3	human__ID_figure4	KEAP1	True	194	0.5038266364798066
mouse__AT2_figure3	human__ID_figure4	TRP53	True	194	0.5032546749228549
mouse__AT2_figure3	human__ID_figure4	CDKN2B	True	194	0.5051316292275643
mouse__AT2_figure3	human__ID_figure4	CTNNB1	True	194	0.5040353695767402
mouse__AT2_figure3	human__ID_figure4	CSNK2A1	True	194	0.49940215225189316
mouse__AT2_figure3	human__ID_figure4	ELOVL1	True	194	0.505813709819906
mouse__AT2_figure3	human__ID_figure4	ATP6V0E	True	194	0.5085896956523526
mouse__AT2_figure3	human__ID_figure4	SLC34A2	True	194	0.506896820929191
mouse__AT2_figure3	human__ID_figure4	FZD5	True	194	0.5067801276230313
mouse__AT2_figure3	human__ID_figure4	PORCN	True	194	0.509135360126226
mouse__AT2_figure3	human__ID_figure4	ERBB2	True	194	0.5273707436732916
mouse__AT2_figure3	human__ID_figure4	ERBB3	True	194	0.49849325931800154
mouse__AT2_figure3	human__ID_figure4	EGFR	True	194	0.5060503835676102
mouse__AT2_figure3	human__ID_figure4	ERBB4	True	194	0.5024821981074318
mouse__AT2_figure3	human__OXPHOS_figure4	NKX21	True	194	0.15593759373471994
mouse__AT2_figure3	human__OXPHOS_figure4	BECN1	True	194	0.16856183717996656
mouse__AT2_figure3	human__OXPHOS_figure4	KEAP1	True	194	0.16906312532614545
mouse__AT2_figure3	human__OXPHOS_figure4	TRP53	True	194	0.16450058141207116
mouse__AT2_figure3	human__OXPHOS_figure4	CDKN2B	True	194	0.1633073512673961
mouse__AT2_figure3	human__OXPHOS_figure4	CTNNB1	True	194	0.17181938834628327
mouse__AT2_figure3	human__OXPHOS_figure4	CSNK2A1	True	194	0.18543141597465618
mouse__AT2_figure3	human__OXPHOS_figure4	ELOVL1	True	194	0.1630493111396909
mouse__AT2_figure3	human__OXPHOS_figure4	ATP6V0E	True	194	0.1703516823969791
mouse__AT2_figure3	human__OXPHOS_figure4	SLC34A2	True	194	0.16830050991687656
mouse__AT2_figure3	human__OXPHOS_figure4	FZD5	True	194	0.1748320479264339
mouse__AT2_figure3	human__OXPHOS_figure4	PORCN	True	194	0.16852732225842637
mouse__AT2_figure3	human__OXPHOS_figure4	ERBB2	True	194	0.17968879045744598
mouse__AT2_figure3	human__OXPHOS_figure4	ERBB3	True	194	0.17083489129854174
mouse__AT2_figure3	human__OXPHOS_figure4	EGFR	True	194	0.1676562313814597
mouse__AT2_figure3	human__OXPHOS_figure4	ERBB4	True	194	0.16252172591043376
mouse__AT2_figure3	human__PLIN2_sentinel	NKX21	True	194	-0.10631992866916214
mouse__AT2_figure3	human__PLIN2_sentinel	BECN1	True	194	-0.10070057072888118
mouse__AT2_figure3	human__PLIN2_sentinel	KEAP1	True	194	-0.07980753822322115
mouse__AT2_figure3	human__PLIN2_sentinel	TRP53	True	194	-0.08359267461879501
mouse__AT2_figure3	human__PLIN2_sentinel	CDKN2B	True	194	-0.09547731260246616
mouse__AT2_figure3	human__PLIN2_sentinel	CTNNB1	True	194	-0.08650014586663268
mouse__AT2_figure3	human__PLIN2_sentinel	CSNK2A1	True	194	-0.10541432287065532
mouse__AT2_figure3	human__PLIN2_sentinel	ELOVL1	True	194	-0.07686883918922804
mouse__AT2_figure3	human__PLIN2_sentinel	ATP6V0E	True	194	-0.09028035155912939
mouse__AT2_figure3	human__PLIN2_sentinel	SLC34A2	True	194	-0.09222140500384184
mouse__AT2_figure3	human__PLIN2_sentinel	FZD5	True	194	-0.08629141276969919
mouse__AT2_figure3	human__PLIN2_sentinel	PORCN	True	194	-0.0903937577299043
mouse__AT2_figure3	human__PLIN2_sentinel	ERBB2	True	194	-0.07778266282619681
mouse__AT2_figure3	human__PLIN2_sentinel	ERBB3	True	194	-0.07618840216457864
mouse__AT2_figure3	human__PLIN2_sentinel	EGFR	True	194	-0.09270297033771206
mouse__AT2_figure3	human__PLIN2_sentinel	ERBB4	True	194	-0.09876116085186112
mouse__AT2_figure3	human__chemokines_figure4	NKX21	True	194	0.16924884847538552
mouse__AT2_figure3	human__chemokines_figure4	BECN1	True	194	0.17688486397422884
mouse__AT2_figure3	human__chemokines_figure4	KEAP1	True	194	0.18947294893024286
mouse__AT2_figure3	human__chemokines_figure4	TRP53	True	194	0.18911465117330187
mouse__AT2_figure3	human__chemokines_figure4	CDKN2B	True	194	0.1799583355589979
mouse__AT2_figure3	human__chemokines_figure4	CTNNB1	True	194	0.18076204016057654
mouse__AT2_figure3	human__chemokines_figure4	CSNK2A1	True	194	0.1711964761908675
mouse__AT2_figure3	human__chemokines_figure4	ELOVL1	True	194	0.19737522239525337
mouse__AT2_figure3	human__chemokines_figure4	ATP6V0E	True	194	0.18244669704527616
mouse__AT2_figure3	human__chemokines_figure4	SLC34A2	True	194	0.1828115690729867
mouse__AT2_figure3	human__chemokines_figure4	FZD5	True	194	0.18929380005177238
mouse__AT2_figure3	human__chemokines_figure4	PORCN	True	194	0.1829611337329942
mouse__AT2_figure3	human__chemokines_figure4	ERBB2	True	194	0.18268172722528794
mouse__AT2_figure3	human__chemokines_figure4	ERBB3	True	194	0.17600062455572307
mouse__AT2_figure3	human__chemokines_figure4	EGFR	True	194	0.17983835511745344
mouse__AT2_figure3	human__chemokines_figure4	ERBB4	True	194	0.17375222395253376
mouse__AT2_figure3	human__wound_figure4	NKX21	True	194	-0.21932013822404292
mouse__AT2_figure3	human__wound_figure4	BECN1	True	194	-0.24245335349443034
mouse__AT2_figure3	human__wound_figure4	KEAP1	True	194	-0.22559363610589503
mouse__AT2_figure3	human__wound_figure4	TRP53	True	194	-0.2295957234368644
mouse__AT2_figure3	human__wound_figure4	CDKN2B	True	194	-0.225437497175118
mouse__AT2_figure3	human__wound_figure4	CTNNB1	True	194	-0.22692163880134605
mouse__AT2_figure3	human__wound_figure4	CSNK2A1	True	194	-0.2226828777226726
mouse__AT2_figure3	human__wound_figure4	ELOVL1	True	194	-0.2209916465672034
mouse__AT2_figure3	human__wound_figure4	ATP6V0E	True	194	-0.23179481700928203
mouse__AT2_figure3	human__wound_figure4	SLC34A2	True	194	-0.2264006278428585
mouse__AT2_figure3	human__wound_figure4	FZD5	True	194	-0.2346349019817317
mouse__AT2_figure3	human__wound_figure4	PORCN	True	194	-0.23179481700928203
mouse__AT2_figure3	human__wound_figure4	ERBB2	True	194	-0.21945655434251127
mouse__AT2_figure3	human__wound_figure4	ERBB3	True	194	-0.21964392105944372
mouse__AT2_figure3	human__wound_figure4	EGFR	True	194	-0.23339729550936214
mouse__AT2_figure3	human__wound_figure4	ERBB4	True	194	-0.22460913905815352
mouse__IFN_figure3	human__Hippo_figure4	NKX21	True	194	0.21393416689608133
mouse__IFN_figure3	human__Hippo_figure4	BECN1	True	194	0.19170327028881592
mouse__IFN_figure3	human__Hippo_figure4	KEAP1	True	194	0.20734674758498267
mouse__IFN_figure3	human__Hippo_figure4	TRP53	True	194	0.1968690035459973
mouse__IFN_figure3	human__Hippo_figure4	CDKN2B	True	194	0.19905823571226056
mouse__IFN_figure3	human__Hippo_figure4	CTNNB1	True	194	0.18773734144707915
mouse__IFN_figure3	human__Hippo_figure4	CSNK2A1	True	194	0.19221606340884156
mouse__IFN_figure3	human__Hippo_figure4	ELOVL1	True	194	0.20269380744782697
mouse__IFN_figure3	human__Hippo_figure4	ATP6V0E	True	194	0.18967346418871445
mouse__IFN_figure3	human__Hippo_figure4	SLC34A2	True	194	0.19199089463498414
mouse__IFN_figure3	human__Hippo_figure4	FZD5	True	194	0.19767106457988354
mouse__IFN_figure3	human__Hippo_figure4	PORCN	True	194	0.1924560242919305
mouse__IFN_figure3	human__Hippo_figure4	ERBB2	True	194	0.18846872907019263
mouse__IFN_figure3	human__Hippo_figure4	ERBB3	True	194	0.1884950261532709
mouse__IFN_figure3	human__Hippo_figure4	EGFR	True	194	0.19336820436120686
mouse__IFN_figure3	human__Hippo_figure4	ERBB4	True	194	0.20193283560625047
mouse__IFN_figure3	human__ID_figure4	NKX21	True	194	-0.2362932617833531
mouse__IFN_figure3	human__ID_figure4	BECN1	True	194	-0.23340058264474695
mouse__IFN_figure3	human__ID_figure4	KEAP1	True	194	-0.22518438775049
mouse__IFN_figure3	human__ID_figure4	TRP53	True	194	-0.23052433918306467
mouse__IFN_figure3	human__ID_figure4	CDKN2B	True	194	-0.23285984887395067
mouse__IFN_figure3	human__ID_figure4	CTNNB1	True	194	-0.22673591565210602
mouse__IFN_figure3	human__ID_figure4	CSNK2A1	True	194	-0.21994798108253588
mouse__IFN_figure3	human__ID_figure4	ELOVL1	True	194	-0.2337933953232281
mouse__IFN_figure3	human__ID_figure4	ATP6V0E	True	194	-0.22299679915191903
mouse__IFN_figure3	human__ID_figure4	SLC34A2	True	194	-0.23134941016464436
mouse__IFN_figure3	human__ID_figure4	FZD5	True	194	-0.23120313264002165
mouse__IFN_figure3	human__ID_figure4	PORCN	True	194	-0.22069580438257325
mouse__IFN_figure3	human__ID_figure4	ERBB2	True	194	-0.24701754097619705
mouse__IFN_figure3	human__ID_figure4	ERBB3	True	194	-0.21934314817173636
mouse__IFN_figure3	human__ID_figure4	EGFR	True	194	-0.2410316674405131
mouse__IFN_figure3	human__ID_figure4	ERBB4	True	194	-0.2294773865630123
mouse__IFN_figure3	human__OXPHOS_figure4	NKX21	True	194	-0.0043184741117543845
mouse__IFN_figure3	human__OXPHOS_figure4	BECN1	True	194	0.00907495901353067
mouse__IFN_figure3	human__OXPHOS_figure4	KEAP1	True	194	0.009497355910474866
mouse__IFN_figure3	human__OXPHOS_figure4	TRP53	True	194	0.011407181569031897
mouse__IFN_figure3	human__OXPHOS_figure4	CDKN2B	True	194	0.008902384405829734
mouse__IFN_figure3	human__OXPHOS_figure4	CTNNB1	True	194	0.00463568267638563
mouse__IFN_figure3	human__OXPHOS_figure4	CSNK2A1	True	194	-0.004109741014820871
mouse__IFN_figure3	human__OXPHOS_figure4	ELOVL1	True	194	0.00717335119343559
mouse__IFN_figure3	human__OXPHOS_figure4	ATP6V0E	True	194	0.02188656917570971
mouse__IFN_figure3	human__OXPHOS_figure4	SLC34A2	True	194	0.011665221696737107
mouse__IFN_figure3	human__OXPHOS_figure4	FZD5	True	194	0.0020930834562585
mouse__IFN_figure3	human__OXPHOS_figure4	PORCN	True	194	0.002155539028569315
mouse__IFN_figure3	human__OXPHOS_figure4	ERBB2	True	194	0.0017413599700870678
mouse__IFN_figure3	human__OXPHOS_figure4	ERBB3	True	194	0.008879374458136276
mouse__IFN_figure3	human__OXPHOS_figure4	EGFR	True	194	0.007863649624239336
mouse__IFN_figure3	human__OXPHOS_figure4	ERBB4	True	194	0.01287981822141322
mouse__IFN_figure3	human__PLIN2_sentinel	NKX21	True	194	0.14552887953881488
mouse__IFN_figure3	human__PLIN2_sentinel	BECN1	True	194	0.15200289267913858
mouse__IFN_figure3	human__PLIN2_sentinel	KEAP1	True	194	0.14558311727266376
mouse__IFN_figure3	human__PLIN2_sentinel	TRP53	True	194	0.1578408451225074
mouse__IFN_figure3	human__PLIN2_sentinel	CDKN2B	True	194	0.15814654871329192
mouse__IFN_figure3	human__PLIN2_sentinel	CTNNB1	True	194	0.14963122449902003
mouse__IFN_figure3	human__PLIN2_sentinel	CSNK2A1	True	194	0.17417462084947793
mouse__IFN_figure3	human__PLIN2_sentinel	ELOVL1	True	194	0.1637511145443414
mouse__IFN_figure3	human__PLIN2_sentinel	ATP6V0E	True	194	0.14738611103121546
mouse__IFN_figure3	human__PLIN2_sentinel	SLC34A2	True	194	0.16100964363343506
mouse__IFN_figure3	human__PLIN2_sentinel	FZD5	True	194	0.15280495371302485
mouse__IFN_figure3	human__PLIN2_sentinel	PORCN	True	194	0.16547686062135075
mouse__IFN_figure3	human__PLIN2_sentinel	ERBB2	True	194	0.14756032920660878
mouse__IFN_figure3	human__PLIN2_sentinel	ERBB3	True	194	0.14522810665110755
mouse__IFN_figure3	human__PLIN2_sentinel	EGFR	True	194	0.15382232211461416
mouse__IFN_figure3	human__PLIN2_sentinel	ERBB4	True	194	0.16231627994888503
mouse__IFN_figure3	human__chemokines_figure4	NKX21	True	194	0.001476745571612299
mouse__IFN_figure3	human__chemokines_figure4	BECN1	True	194	0.009827713016645232
mouse__IFN_figure3	human__chemokines_figure4	KEAP1	True	194	0.007147054110357352
mouse__IFN_figure3	human__chemokines_figure4	TRP53	True	194	0.014643366355347553
mouse__IFN_figure3	human__chemokines_figure4	CDKN2B	True	194	0.01592863629079643
mouse__IFN_figure3	human__chemokines_figure4	CTNNB1	True	194	0.017462084947796178
mouse__IFN_figure3	human__chemokines_figure4	CSNK2A1	True	194	0.029580109543786693
mouse__IFN_figure3	human__chemokines_figure4	ELOVL1	True	194	0.020905359263352963
mouse__IFN_figure3	human__chemokines_figure4	ATP6V0E	True	194	0.005602100479510874
mouse__IFN_figure3	human__chemokines_figure4	SLC34A2	True	194	0.014827445936895218
mouse__IFN_figure3	human__chemokines_figure4	FZD5	True	194	0.007150341245742132
mouse__IFN_figure3	human__chemokines_figure4	PORCN	True	194	0.022945026769608787
mouse__IFN_figure3	human__chemokines_figure4	ERBB2	True	194	0.016403627353897103
mouse__IFN_figure3	human__chemokines_figure4	ERBB3	True	194	0.024231940272750056
mouse__IFN_figure3	human__chemokines_figure4	EGFR	True	194	0.009346147682774999
mouse__IFN_figure3	human__chemokines_figure4	ERBB4	True	194	0.0202824471079372
mouse__IFN_figure3	human__wound_figure4	NKX21	True	194	0.3075353469776844
mouse__IFN_figure3	human__wound_figure4	BECN1	True	194	0.2837348432241867
mouse__IFN_figure3	human__wound_figure4	KEAP1	True	194	0.282260563004113
mouse__IFN_figure3	human__wound_figure4	TRP53	True	194	0.2884765360167315
mouse__IFN_figure3	human__wound_figure4	CDKN2B	True	194	0.2904866193045243
mouse__IFN_figure3	human__wound_figure4	CTNNB1	True	194	0.28006968727015735
mouse__IFN_figure3	human__wound_figure4	CSNK2A1	True	194	0.28084380765327294
mouse__IFN_figure3	human__wound_figure4	ELOVL1	True	194	0.2944525481462611
mouse__IFN_figure3	human__wound_figure4	ATP6V0E	True	194	0.28239862269027377
mouse__IFN_figure3	human__wound_figure4	SLC34A2	True	194	0.28410300238728203
mouse__IFN_figure3	human__wound_figure4	FZD5	True	194	0.2933957341200544
mouse__IFN_figure3	human__wound_figure4	PORCN	True	194	0.2825744844333595
mouse__IFN_figure3	human__wound_figure4	ERBB2	True	194	0.27825683210545127
mouse__IFN_figure3	human__wound_figure4	ERBB3	True	194	0.27790675218697225
mouse__IFN_figure3	human__wound_figure4	EGFR	True	194	0.28581395635505985
mouse__IFN_figure3	human__wound_figure4	ERBB4	True	194	0.2872405731120543
mouse__Wnt_maintext	human__Hippo_figure4	NKX21	True	194	0.19356214534890884
mouse__Wnt_maintext	human__Hippo_figure4	BECN1	True	194	0.20731387623113492
mouse__Wnt_maintext	human__Hippo_figure4	KEAP1	True	194	0.1983317787922243
mouse__Wnt_maintext	human__Hippo_figure4	TRP53	True	194	0.18573547599774828
mouse__Wnt_maintext	human__Hippo_figure4	CDKN2B	True	194	0.19202047885344714
mouse__Wnt_maintext	human__Hippo_figure4	CTNNB1	True	194	0.18192568608678858
mouse__Wnt_maintext	human__Hippo_figure4	CSNK2A1	True	194	0.1893710477333147
mouse__Wnt_maintext	human__Hippo_figure4	ELOVL1	True	194	0.20707555891573837
mouse__Wnt_maintext	human__Hippo_figure4	ATP6V0E	True	194	0.20706898464496884
mouse__Wnt_maintext	human__Hippo_figure4	SLC34A2	True	194	0.18979837533333604
mouse__Wnt_maintext	human__Hippo_figure4	FZD5	True	194	0.19456143450588187
mouse__Wnt_maintext	human__Hippo_figure4	PORCN	True	194	0.18882702682713365
mouse__Wnt_maintext	human__Hippo_figure4	ERBB2	True	194	0.1884637983671155
mouse__Wnt_maintext	human__Hippo_figure4	ERBB3	True	194	0.18624991268546634
mouse__Wnt_maintext	human__Hippo_figure4	EGFR	True	194	0.19026514855797477
mouse__Wnt_maintext	human__Hippo_figure4	ERBB4	True	194	0.1978699362706627
mouse__Wnt_maintext	human__ID_figure4	NKX21	True	194	-0.10177053329662697
mouse__Wnt_maintext	human__ID_figure4	BECN1	True	194	-0.09961745961959625
mouse__Wnt_maintext	human__ID_figure4	KEAP1	True	194	-0.09835519963184082
mouse__Wnt_maintext	human__ID_figure4	TRP53	True	194	-0.09031815361605436
mouse__Wnt_maintext	human__ID_figure4	CDKN2B	True	194	-0.10080411549350175
mouse__Wnt_maintext	human__ID_figure4	CTNNB1	True	194	-0.09574521413632571
mouse__Wnt_maintext	human__ID_figure4	CSNK2A1	True	194	-0.08939282500523886
mouse__Wnt_maintext	human__ID_figure4	ELOVL1	True	194	-0.10651715679224893
mouse__Wnt_maintext	human__ID_figure4	ATP6V0E	True	194	-0.1108857597186212
mouse__Wnt_maintext	human__ID_figure4	SLC34A2	True	194	-0.10149112678892071
mouse__Wnt_maintext	human__ID_figure4	FZD5	True	194	-0.10230962349973087
mouse__Wnt_maintext	human__ID_figure4	PORCN	True	194	-0.08937638932831497
mouse__Wnt_maintext	human__ID_figure4	ERBB2	True	194	-0.11126542385556325
mouse__Wnt_maintext	human__ID_figure4	ERBB3	True	194	-0.0893698150575454
mouse__Wnt_maintext	human__ID_figure4	EGFR	True	194	-0.109358885332391
mouse__Wnt_maintext	human__ID_figure4	ERBB4	True	194	-0.09947446923035833
mouse__Wnt_maintext	human__OXPHOS_figure4	NKX21	True	194	-0.1038463592921154
mouse__Wnt_maintext	human__OXPHOS_figure4	BECN1	True	194	-0.105143134201411
mouse__Wnt_maintext	human__OXPHOS_figure4	KEAP1	True	194	-0.10588767036606361
mouse__Wnt_maintext	human__OXPHOS_figure4	TRP53	True	194	-0.09715210808101143
mouse__Wnt_maintext	human__OXPHOS_figure4	CDKN2B	True	194	-0.10338451677055382
mouse__Wnt_maintext	human__OXPHOS_figure4	CTNNB1	True	194	-0.11175849416328022
mouse__Wnt_maintext	human__OXPHOS_figure4	CSNK2A1	True	194	-0.12142760289760983
mouse__Wnt_maintext	human__OXPHOS_figure4	ELOVL1	True	194	-0.1133675469341299
mouse__Wnt_maintext	human__OXPHOS_figure4	ATP6V0E	True	194	-0.11792844728051179
mouse__Wnt_maintext	human__OXPHOS_figure4	SLC34A2	True	194	-0.10485715342293517
mouse__Wnt_maintext	human__OXPHOS_figure4	FZD5	True	194	-0.10297198127976398
mouse__Wnt_maintext	human__OXPHOS_figure4	PORCN	True	194	-0.11578030430655822
mouse__Wnt_maintext	human__OXPHOS_figure4	ERBB2	True	194	-0.11213980186791467
mouse__Wnt_maintext	human__OXPHOS_figure4	ERBB3	True	194	-0.10705789056304518
mouse__Wnt_maintext	human__OXPHOS_figure4	EGFR	True	194	-0.10811306102155949
mouse__Wnt_maintext	human__OXPHOS_figure4	ERBB4	True	194	-0.10313305091361818
mouse__Wnt_maintext	human__PLIN2_sentinel	NKX21	True	194	0.0014372999469949418
mouse__Wnt_maintext	human__PLIN2_sentinel	BECN1	True	194	0.01198736096444552
mouse__Wnt_maintext	human__PLIN2_sentinel	KEAP1	True	194	-0.007184856167282319
mouse__Wnt_maintext	human__PLIN2_sentinel	TRP53	True	194	-0.014143721776861032
mouse__Wnt_maintext	human__PLIN2_sentinel	CDKN2B	True	194	0.0005727833407978698
mouse__Wnt_maintext	human__PLIN2_sentinel	CTNNB1	True	194	-0.012459064892161413
mouse__Wnt_maintext	human__PLIN2_sentinel	CSNK2A1	True	194	0.012929125252184917
mouse__Wnt_maintext	human__PLIN2_sentinel	ELOVL1	True	194	0.01277956059217744
mouse__Wnt_maintext	human__PLIN2_sentinel	ATP6V0E	True	194	0.011241181232100519
mouse__Wnt_maintext	human__PLIN2_sentinel	SLC34A2	True	194	0.0006056546946456673
mouse__Wnt_maintext	human__PLIN2_sentinel	FZD5	True	194	0.0009310810977388617
mouse__Wnt_maintext	human__PLIN2_sentinel	PORCN	True	194	0.006714795807258817
mouse__Wnt_maintext	human__PLIN2_sentinel	ERBB2	True	194	-0.008831710995056969
mouse__Wnt_maintext	human__PLIN2_sentinel	ERBB3	True	194	-0.013113204833732583
mouse__Wnt_maintext	human__PLIN2_sentinel	EGFR	True	194	-0.005546219177969617
mouse__Wnt_maintext	human__PLIN2_sentinel	ERBB4	True	194	0.001167754845443003
mouse__Wnt_maintext	human__chemokines_figure4	NKX21	True	194	-0.050402468638673974
mouse__Wnt_maintext	human__chemokines_figure4	BECN1	True	194	-0.04441330796760527
mouse__Wnt_maintext	human__chemokines_figure4	KEAP1	True	194	-0.05601853944357016
mouse__Wnt_maintext	human__chemokines_figure4	TRP53	True	194	-0.06218191829003217
mouse__Wnt_maintext	human__chemokines_figure4	CDKN2B	True	194	-0.05150694612795995
mouse__Wnt_maintext	human__chemokines_figure4	CTNNB1	True	194	-0.05109112350178532
mouse__Wnt_maintext	human__chemokines_figure4	CSNK2A1	True	194	-0.03994116027661244
mouse__Wnt_maintext	human__chemokines_figure4	ELOVL1	True	194	-0.03942014931812485
mouse__Wnt_maintext	human__chemokines_figure4	ATP6V0E	True	194	-0.040792528341270395
mouse__Wnt_maintext	human__chemokines_figure4	SLC34A2	True	194	-0.052923701478800024
mouse__Wnt_maintext	human__chemokines_figure4	FZD5	True	194	-0.04876218808166888
mouse__Wnt_maintext	human__chemokines_figure4	PORCN	True	194	-0.045179210512258955
mouse__Wnt_maintext	human__chemokines_figure4	ERBB2	True	194	-0.05227449224030603
mouse__Wnt_maintext	human__chemokines_figure4	ERBB3	True	194	-0.04546683485842718
mouse__Wnt_maintext	human__chemokines_figure4	EGFR	True	194	-0.05805327624674882
mouse__Wnt_maintext	human__chemokines_figure4	ERBB4	True	194	-0.04948535786632041
mouse__Wnt_maintext	human__wound_figure4	NKX21	True	194	0.21411331577455178
mouse__Wnt_maintext	human__wound_figure4	BECN1	True	194	0.22846659243219256
mouse__Wnt_maintext	human__wound_figure4	KEAP1	True	194	0.2112567951251782
mouse__Wnt_maintext	human__wound_figure4	TRP53	True	194	0.2116923405636615
mouse__Wnt_maintext	human__wound_figure4	CDKN2B	True	194	0.2133375518237438
mouse__Wnt_maintext	human__wound_figure4	CTNNB1	True	194	0.20281050075398666
mouse__Wnt_maintext	human__wound_figure4	CSNK2A1	True	194	0.2073993417511392
mouse__Wnt_maintext	human__wound_figure4	ELOVL1	True	194	0.2291831879460745
mouse__Wnt_maintext	human__wound_figure4	ATP6V0E	True	194	0.22453517851199598
mouse__Wnt_maintext	human__wound_figure4	SLC34A2	True	194	0.21049417971590934
mouse__Wnt_maintext	human__wound_figure4	FZD5	True	194	0.2142267219453267
mouse__Wnt_maintext	human__wound_figure4	PORCN	True	194	0.2073779753711381
mouse__Wnt_maintext	human__wound_figure4	ERBB2	True	194	0.20755876781730098
mouse__Wnt_maintext	human__wound_figure4	ERBB3	True	194	0.2048140097710099
mouse__Wnt_maintext	human__wound_figure4	EGFR	True	194	0.21138499340518466
mouse__Wnt_maintext	human__wound_figure4	ERBB4	True	194	0.2132915319283569
mouse__gastric_maintext	human__Hippo_figure4	NKX21	True	194	0.029213593948383753
mouse__gastric_maintext	human__Hippo_figure4	BECN1	True	194	0.031392964708492725
mouse__gastric_maintext	human__Hippo_figure4	KEAP1	True	194	0.0340736236147806
mouse__gastric_maintext	human__Hippo_figure4	TRP53	True	194	0.03177098527774239
mouse__gastric_maintext	human__Hippo_figure4	CDKN2B	True	194	0.03514029904714163
mouse__gastric_maintext	human__Hippo_figure4	CTNNB1	True	194	0.05124561886486997
mouse__gastric_maintext	human__Hippo_figure4	CSNK2A1	True	194	0.047573888640071
mouse__gastric_maintext	human__Hippo_figure4	ELOVL1	True	194	0.05210849190337465
mouse__gastric_maintext	human__Hippo_figure4	ATP6V0E	True	194	0.04708081833235404
mouse__gastric_maintext	human__Hippo_figure4	SLC34A2	True	194	0.04771523546161652
mouse__gastric_maintext	human__Hippo_figure4	FZD5	True	194	0.044147050001438114
mouse__gastric_maintext	human__Hippo_figure4	PORCN	True	194	0.039316604553504296
mouse__gastric_maintext	human__Hippo_figure4	ERBB2	True	194	0.05204603633106383
mouse__gastric_maintext	human__Hippo_figure4	ERBB3	True	194	0.0540791295665501
mouse__gastric_maintext	human__Hippo_figure4	EGFR	True	194	0.04741446257390919
mouse__gastric_maintext	human__Hippo_figure4	ERBB4	True	194	0.03892379187502311
mouse__gastric_maintext	human__ID_figure4	NKX21	True	194	0.1274167635686785
mouse__gastric_maintext	human__ID_figure4	BECN1	True	194	0.1210101367037428
mouse__gastric_maintext	human__ID_figure4	KEAP1	True	194	0.11618133482350136
mouse__gastric_maintext	human__ID_figure4	TRP53	True	194	0.1368804263414594
mouse__gastric_maintext	human__ID_figure4	CDKN2B	True	194	0.12628927613169907
mouse__gastric_maintext	human__ID_figure4	CTNNB1	True	194	0.12003221392677083
mouse__gastric_maintext	human__ID_figure4	CSNK2A1	True	194	0.11639828575889684
mouse__gastric_maintext	human__ID_figure4	ELOVL1	True	194	0.1190493604467217
mouse__gastric_maintext	human__ID_figure4	ATP6V0E	True	194	0.11913318239903357
mouse__gastric_maintext	human__ID_figure4	SLC34A2	True	194	0.12298241793461065
mouse__gastric_maintext	human__ID_figure4	FZD5	True	194	0.121917386069942
mouse__gastric_maintext	human__ID_figure4	PORCN	True	194	0.13157005912734773
mouse__gastric_maintext	human__ID_figure4	ERBB2	True	194	0.13382503400130663
mouse__gastric_maintext	human__ID_figure4	ERBB3	True	194	0.11017738204320116
mouse__gastric_maintext	human__ID_figure4	EGFR	True	194	0.12830429012256905
mouse__gastric_maintext	human__ID_figure4	ERBB4	True	194	0.11920056867442155
mouse__gastric_maintext	human__OXPHOS_figure4	NKX21	True	194	-0.029877595296109262
mouse__gastric_maintext	human__OXPHOS_figure4	BECN1	True	194	-0.04515784413225789
mouse__gastric_maintext	human__OXPHOS_figure4	KEAP1	True	194	-0.04431140677067711
mouse__gastric_maintext	human__OXPHOS_figure4	TRP53	True	194	-0.0333110082055117
mouse__gastric_maintext	human__OXPHOS_figure4	CDKN2B	True	194	-0.03672305473491307
mouse__gastric_maintext	human__OXPHOS_figure4	CTNNB1	True	194	-0.042485403064431965
mouse__gastric_maintext	human__OXPHOS_figure4	CSNK2A1	True	194	-0.03669675765183484
mouse__gastric_maintext	human__OXPHOS_figure4	ELOVL1	True	194	-0.05127027238025581
mouse__gastric_maintext	human__OXPHOS_figure4	ATP6V0E	True	194	-0.049077753078607726
mouse__gastric_maintext	human__OXPHOS_figure4	SLC34A2	True	194	-0.04678497614772386
mouse__gastric_maintext	human__OXPHOS_figure4	FZD5	True	194	-0.033151582139349885
mouse__gastric_maintext	human__OXPHOS_figure4	PORCN	True	194	-0.04964149679709745
mouse__gastric_maintext	human__OXPHOS_figure4	ERBB2	True	194	-0.037837393630353405
mouse__gastric_maintext	human__OXPHOS_figure4	ERBB3	True	194	-0.04354714779371582
mouse__gastric_maintext	human__OXPHOS_figure4	EGFR	True	194	-0.04327760269216388
mouse__gastric_maintext	human__OXPHOS_figure4	ERBB4	True	194	-0.05010662645404378
mouse__gastric_maintext	human__PLIN2_sentinel	NKX21	True	194	-0.06678883853180098
mouse__gastric_maintext	human__PLIN2_sentinel	BECN1	True	194	-0.09752848508256873
mouse__gastric_maintext	human__PLIN2_sentinel	KEAP1	True	194	-0.06792783094262715
mouse__gastric_maintext	human__PLIN2_sentinel	TRP53	True	194	-0.09752848508256873
mouse__gastric_maintext	human__PLIN2_sentinel	CDKN2B	True	194	-0.07636919461074153
mouse__gastric_maintext	human__PLIN2_sentinel	CTNNB1	True	194	-0.07646780867228492
mouse__gastric_maintext	human__PLIN2_sentinel	CSNK2A1	True	194	-0.09015872754989254
mouse__gastric_maintext	human__PLIN2_sentinel	ELOVL1	True	194	-0.06939060618885413
mouse__gastric_maintext	human__PLIN2_sentinel	ATP6V0E	True	194	-0.07628208552304487
mouse__gastric_maintext	human__PLIN2_sentinel	SLC34A2	True	194	-0.08224001840795815
mouse__gastric_maintext	human__PLIN2_sentinel	FZD5	True	194	-0.0734699412013658
mouse__gastric_maintext	human__PLIN2_sentinel	PORCN	True	194	-0.07809494068775089
mouse__gastric_maintext	human__PLIN2_sentinel	ERBB2	True	194	-0.0713431646074133
mouse__gastric_maintext	human__PLIN2_sentinel	ERBB3	True	194	-0.06777004844415772
mouse__gastric_maintext	human__PLIN2_sentinel	EGFR	True	194	-0.07724357262309295
mouse__gastric_maintext	human__PLIN2_sentinel	ERBB4	True	194	-0.08605309545430266
mouse__gastric_maintext	human__chemokines_figure4	NKX21	True	194	0.010881239907467139
mouse__gastric_maintext	human__chemokines_figure4	BECN1	True	194	-0.01517423871998948
mouse__gastric_maintext	human__chemokines_figure4	KEAP1	True	194	0.004878930694859331
mouse__gastric_maintext	human__chemokines_figure4	TRP53	True	194	-0.015754418115403103
mouse__gastric_maintext	human__chemokines_figure4	CDKN2B	True	194	-0.0021243112424139073
mouse__gastric_maintext	human__chemokines_figure4	CTNNB1	True	194	-0.005490337876428362
mouse__gastric_maintext	human__chemokines_figure4	CSNK2A1	True	194	-0.012205955467533372
mouse__gastric_maintext	human__chemokines_figure4	ELOVL1	True	194	0.007094459944200876
mouse__gastric_maintext	human__chemokines_figure4	ATP6V0E	True	194	0.00011587152231348588
mouse__gastric_maintext	human__chemokines_figure4	SLC34A2	True	194	-0.004510771531764
mouse__gastric_maintext	human__chemokines_figure4	FZD5	True	194	0.008039511367325052
mouse__gastric_maintext	human__chemokines_figure4	PORCN	True	194	-0.0011102299762093576
mouse__gastric_maintext	human__chemokines_figure4	ERBB2	True	194	-0.004586375645613934
mouse__gastric_maintext	human__chemokines_figure4	ERBB3	True	194	-0.012307856664461546
mouse__gastric_maintext	human__chemokines_figure4	EGFR	True	194	0.0005514169607968016
mouse__gastric_maintext	human__chemokines_figure4	ERBB4	True	194	-0.010033158978193964
mouse__gastric_maintext	human__wound_figure4	NKX21	True	194	-0.1796444141297514
mouse__gastric_maintext	human__wound_figure4	BECN1	True	194	-0.17741080563579362
mouse__gastric_maintext	human__wound_figure4	KEAP1	True	194	-0.15368097529306865
mouse__gastric_maintext	human__wound_figure4	TRP53	True	194	-0.16911078878922475
mouse__gastric_maintext	human__wound_figure4	CDKN2B	True	194	-0.17137398150164562
mouse__gastric_maintext	human__wound_figure4	CTNNB1	True	194	-0.15583569253779175
mouse__gastric_maintext	human__wound_figure4	CSNK2A1	True	194	-0.15663446643629325
mouse__gastric_maintext	human__wound_figure4	ELOVL1	True	194	-0.15206206111606463
mouse__gastric_maintext	human__wound_figure4	ATP6V0E	True	194	-0.1588976591487141
mouse__gastric_maintext	human__wound_figure4	SLC34A2	True	194	-0.15850649003792533
mouse__gastric_maintext	human__wound_figure4	FZD5	True	194	-0.16786003377531605
mouse__gastric_maintext	human__wound_figure4	PORCN	True	194	-0.16741627049837082
mouse__gastric_maintext	human__wound_figure4	ERBB2	True	194	-0.15307121167919202
mouse__gastric_maintext	human__wound_figure4	ERBB3	True	194	-0.15010457199442828
mouse__gastric_maintext	human__wound_figure4	EGFR	True	194	-0.15914912500564976
mouse__gastric_maintext	human__wound_figure4	ERBB4	True	194	-0.1577290825194249
mouse__hypoxia_figure3	human__Hippo_figure4	NKX21	True	194	0.25361482169344995
mouse__hypoxia_figure3	human__Hippo_figure4	BECN1	True	194	0.25546383534738853
mouse__hypoxia_figure3	human__Hippo_figure4	KEAP1	True	194	0.25806560300444176
mouse__hypoxia_figure3	human__Hippo_figure4	TRP53	True	194	0.2558977372181795
mouse__hypoxia_figure3	human__Hippo_figure4	CDKN2B	True	194	0.2579554839690516
mouse__hypoxia_figure3	human__Hippo_figure4	CTNNB1	True	194	0.2564368274212834
mouse__hypoxia_figure3	human__Hippo_figure4	CSNK2A1	True	194	0.27344939660521095
mouse__hypoxia_figure3	human__Hippo_figure4	ELOVL1	True	194	0.25909776351526254
mouse__hypoxia_figure3	human__Hippo_figure4	ATP6V0E	True	194	0.2604093305337897
mouse__hypoxia_figure3	human__Hippo_figure4	SLC34A2	True	194	0.2662045502171564
mouse__hypoxia_figure3	human__Hippo_figure4	FZD5	True	194	0.2654813804325048
mouse__hypoxia_figure3	human__Hippo_figure4	PORCN	True	194	0.2668981357833449
mouse__hypoxia_figure3	human__Hippo_figure4	ERBB2	True	194	0.2613609562276834
mouse__hypoxia_figure3	human__Hippo_figure4	ERBB3	True	194	0.25523537943814634
mouse__hypoxia_figure3	human__Hippo_figure4	EGFR	True	194	0.2712700258451019
mouse__hypoxia_figure3	human__Hippo_figure4	ERBB4	True	194	0.27184034383436123
mouse__hypoxia_figure3	human__ID_figure4	NKX21	True	194	-0.21347396794221213
mouse__hypoxia_figure3	human__ID_figure4	BECN1	True	194	-0.21938095022866133
mouse__hypoxia_figure3	human__ID_figure4	KEAP1	True	194	-0.22503975379355967
mouse__hypoxia_figure3	human__ID_figure4	TRP53	True	194	-0.20622583441877282
mouse__hypoxia_figure3	human__ID_figure4	CDKN2B	True	194	-0.21334741322989814
mouse__hypoxia_figure3	human__ID_figure4	CTNNB1	True	194	-0.21290529352064524
mouse__hypoxia_figure3	human__ID_figure4	CSNK2A1	True	194	-0.2317044207862006
mouse__hypoxia_figure3	human__ID_figure4	ELOVL1	True	194	-0.2124072925098511
mouse__hypoxia_figure3	human__ID_figure4	ATP6V0E	True	194	-0.2109938242943958
mouse__hypoxia_figure3	human__ID_figure4	SLC34A2	True	194	-0.21616284468696198
mouse__hypoxia_figure3	human__ID_figure4	FZD5	True	194	-0.21471486154996652
mouse__hypoxia_figure3	human__ID_figure4	PORCN	True	194	-0.21971130733483168
mouse__hypoxia_figure3	human__ID_figure4	ERBB2	True	194	-0.22255796657805096
mouse__hypoxia_figure3	human__ID_figure4	ERBB3	True	194	-0.2033232938740123
mouse__hypoxia_figure3	human__ID_figure4	EGFR	True	194	-0.21055006101745058
mouse__hypoxia_figure3	human__ID_figure4	ERBB4	True	194	-0.2120539254559873
mouse__hypoxia_figure3	human__OXPHOS_figure4	NKX21	True	194	-0.19474880122281435
mouse__hypoxia_figure3	human__OXPHOS_figure4	BECN1	True	194	-0.2095310490481688
mouse__hypoxia_figure3	human__OXPHOS_figure4	KEAP1	True	194	-0.20844300723580675
mouse__hypoxia_figure3	human__OXPHOS_figure4	TRP53	True	194	-0.19745575721218045
mouse__hypoxia_figure3	human__OXPHOS_figure4	CDKN2B	True	194	-0.19901879008764325
mouse__hypoxia_figure3	human__OXPHOS_figure4	CTNNB1	True	194	-0.21226758925599795
mouse__hypoxia_figure3	human__OXPHOS_figure4	CSNK2A1	True	194	-0.19609981386595882
mouse__hypoxia_figure3	human__OXPHOS_figure4	ELOVL1	True	194	-0.20295677827860936
mouse__hypoxia_figure3	human__OXPHOS_figure4	ATP6V0E	True	194	-0.20283351070168013
mouse__hypoxia_figure3	human__OXPHOS_figure4	SLC34A2	True	194	-0.20736482682959903
mouse__hypoxia_figure3	human__OXPHOS_figure4	FZD5	True	194	-0.21924289054250057
mouse__hypoxia_figure3	human__OXPHOS_figure4	PORCN	True	194	-0.2044787219617624
mouse__hypoxia_figure3	human__OXPHOS_figure4	ERBB2	True	194	-0.2108689131497742
mouse__hypoxia_figure3	human__OXPHOS_figure4	ERBB3	True	194	-0.209953445945113
mouse__hypoxia_figure3	human__OXPHOS_figure4	EGFR	True	194	-0.20511971336179444
mouse__hypoxia_figure3	human__OXPHOS_figure4	ERBB4	True	194	-0.20046512965694632
mouse__hypoxia_figure3	human__PLIN2_sentinel	NKX21	True	194	0.22449902002276342
mouse__hypoxia_figure3	human__PLIN2_sentinel	BECN1	True	194	0.19419656247817133
mouse__hypoxia_figure3	human__PLIN2_sentinel	KEAP1	True	194	0.22325812641500903
mouse__hypoxia_figure3	human__PLIN2_sentinel	TRP53	True	194	0.19451048390741782
mouse__hypoxia_figure3	human__PLIN2_sentinel	CDKN2B	True	194	0.2132915319283569
mouse__hypoxia_figure3	human__PLIN2_sentinel	CTNNB1	True	194	0.200514436687718
mouse__hypoxia_figure3	human__PLIN2_sentinel	CSNK2A1	True	194	0.19514983173975745
mouse__hypoxia_figure3	human__PLIN2_sentinel	ELOVL1	True	194	0.1974048066137164
mouse__hypoxia_figure3	human__PLIN2_sentinel	ATP6V0E	True	194	0.2001117626030825
mouse__hypoxia_figure3	human__PLIN2_sentinel	SLC34A2	True	194	0.2065479736864812
mouse__hypoxia_figure3	human__PLIN2_sentinel	FZD5	True	194	0.20034843635078664
mouse__hypoxia_figure3	human__PLIN2_sentinel	PORCN	True	194	0.20542541695257896
mouse__hypoxia_figure3	human__PLIN2_sentinel	ERBB2	True	194	0.2020955488077971
mouse__hypoxia_figure3	human__PLIN2_sentinel	ERBB3	True	194	0.194679771379734
mouse__hypoxia_figure3	human__PLIN2_sentinel	EGFR	True	194	0.21266533263755633
mouse__hypoxia_figure3	human__PLIN2_sentinel	ERBB4	True	194	0.21470335657611975
mouse__hypoxia_figure3	human__chemokines_figure4	NKX21	True	194	0.009768544579719197
mouse__hypoxia_figure3	human__chemokines_figure4	BECN1	True	194	-0.01591220061387253
mouse__hypoxia_figure3	human__chemokines_figure4	KEAP1	True	194	0.0034556010732497027
mouse__hypoxia_figure3	human__chemokines_figure4	TRP53	True	194	-0.01605519100311045
mouse__hypoxia_figure3	human__chemokines_figure4	CDKN2B	True	194	-0.002941164385531674
mouse__hypoxia_figure3	human__chemokines_figure4	CTNNB1	True	194	-0.004464751636377083
mouse__hypoxia_figure3	human__chemokines_figure4	CSNK2A1	True	194	-0.01809650207705867
mouse__hypoxia_figure3	human__chemokines_figure4	ELOVL1	True	194	-0.01606998311234196
mouse__hypoxia_figure3	human__chemokines_figure4	ATP6V0E	True	194	-0.01264643160909386
mouse__hypoxia_figure3	human__chemokines_figure4	SLC34A2	True	194	-0.005365426731806733
mouse__hypoxia_figure3	human__chemokines_figure4	FZD5	True	194	-0.017319094558558262
mouse__hypoxia_figure3	human__chemokines_figure4	PORCN	True	194	-0.006435389299552537
mouse__hypoxia_figure3	human__chemokines_figure4	ERBB2	True	194	-0.00628418107185267
mouse__hypoxia_figure3	human__chemokines_figure4	ERBB3	True	194	0.002867203839374129
mouse__hypoxia_figure3	human__chemokines_figure4	EGFR	True	194	0.0012877352869874634
mouse__hypoxia_figure3	human__chemokines_figure4	ERBB4	True	194	0.0032156401901607817
mouse__hypoxia_figure3	human__wound_figure4	NKX21	True	194	0.10454651912907346
mouse__hypoxia_figure3	human__wound_figure4	BECN1	True	194	0.10626404736762088
mouse__hypoxia_figure3	human__wound_figure4	KEAP1	True	194	0.12881215253951753
mouse__hypoxia_figure3	human__wound_figure4	TRP53	True	194	0.11303718982795953
mouse__hypoxia_figure3	human__wound_figure4	CDKN2B	True	194	0.11049787774321718
mouse__hypoxia_figure3	human__wound_figure4	CTNNB1	True	194	0.10902852822622065
mouse__hypoxia_figure3	human__wound_figure4	CSNK2A1	True	194	0.12932823279492794
mouse__hypoxia_figure3	human__wound_figure4	ELOVL1	True	194	0.10992098548318835
mouse__hypoxia_figure3	human__wound_figure4	ATP6V0E	True	194	0.11459857913572993
mouse__hypoxia_figure3	human__wound_figure4	SLC34A2	True	194	0.11973308460675587
mouse__hypoxia_figure3	human__wound_figure4	FZD5	True	194	0.12286736819614334
mouse__hypoxia_figure3	human__wound_figure4	PORCN	True	194	0.12119421628529047
mouse__hypoxia_figure3	human__wound_figure4	ERBB2	True	194	0.11430273695109973
mouse__hypoxia_figure3	human__wound_figure4	ERBB3	True	194	0.10531242167372715
mouse__hypoxia_figure3	human__wound_figure4	EGFR	True	194	0.1230054278823041
mouse__hypoxia_figure3	human__wound_figure4	ERBB4	True	194	0.11099423518631893
mouse__transition_figure3	human__Hippo_figure4	NKX21	True	194	0.06703866082104423
mouse__transition_figure3	human__Hippo_figure4	BECN1	True	194	0.07211564142283655
mouse__transition_figure3	human__Hippo_figure4	KEAP1	True	194	0.08973139994987117
mouse__transition_figure3	human__Hippo_figure4	TRP53	True	194	0.07781389061235224
mouse__transition_figure3	human__Hippo_figure4	CDKN2B	True	194	0.07579723305378985
mouse__transition_figure3	human__Hippo_figure4	CTNNB1	True	194	0.07269746438594256
mouse__transition_figure3	human__Hippo_figure4	CSNK2A1	True	194	0.07585475792302349
mouse__transition_figure3	human__Hippo_figure4	ELOVL1	True	194	0.07240162220131238
mouse__transition_figure3	human__Hippo_figure4	ATP6V0E	True	194	0.09089504587608321
mouse__transition_figure3	human__Hippo_figure4	SLC34A2	True	194	0.07284867261364243
mouse__transition_figure3	human__Hippo_figure4	FZD5	True	194	0.0796218150739811
mouse__transition_figure3	human__Hippo_figure4	PORCN	True	194	0.07638398671997305
mouse__transition_figure3	human__Hippo_figure4	ERBB2	True	194	0.06971438902425495
mouse__transition_figure3	human__Hippo_figure4	ERBB3	True	194	0.07037839037198045
mouse__transition_figure3	human__Hippo_figure4	EGFR	True	194	0.07489327082297544
mouse__transition_figure3	human__Hippo_figure4	ERBB4	True	194	0.08225645408488205
mouse__transition_figure3	human__ID_figure4	NKX21	True	194	-0.18101186244981982
mouse__transition_figure3	human__ID_figure4	BECN1	True	194	-0.1845323844469189
mouse__transition_figure3	human__ID_figure4	KEAP1	True	194	-0.17550755424800613
mouse__transition_figure3	human__ID_figure4	TRP53	True	194	-0.1795885328282102
mouse__transition_figure3	human__ID_figure4	CDKN2B	True	194	-0.180949406877509
mouse__transition_figure3	human__ID_figure4	CTNNB1	True	194	-0.17991724636668815
mouse__transition_figure3	human__ID_figure4	CSNK2A1	True	194	-0.1718292497524376
mouse__transition_figure3	human__ID_figure4	ELOVL1	True	194	-0.1790494426251063
mouse__transition_figure3	human__ID_figure4	ATP6V0E	True	194	-0.19072041680876678
mouse__transition_figure3	human__ID_figure4	SLC34A2	True	194	-0.18239245931142728
mouse__transition_figure3	human__ID_figure4	FZD5	True	194	-0.1816134082252345
mouse__transition_figure3	human__ID_figure4	PORCN	True	194	-0.175106523731063
mouse__transition_figure3	human__ID_figure4	ERBB2	True	194	-0.1985865317845447
mouse__transition_figure3	human__ID_figure4	ERBB3	True	194	-0.16989641414618714
mouse__transition_figure3	human__ID_figure4	EGFR	True	194	-0.1925020441873174
mouse__transition_figure3	human__ID_figure4	ERBB4	True	194	-0.1840639676545878
mouse__transition_figure3	human__OXPHOS_figure4	NKX21	True	194	-0.17374236254637945
mouse__transition_figure3	human__OXPHOS_figure4	BECN1	True	194	-0.1879542923824746
mouse__transition_figure3	human__OXPHOS_figure4	KEAP1	True	194	-0.18781458912862148
mouse__transition_figure3	human__OXPHOS_figure4	TRP53	True	194	-0.1846622262946177
mouse__transition_figure3	human__OXPHOS_figure4	CDKN2B	True	194	-0.18206538934064173
mouse__transition_figure3	human__OXPHOS_figure4	CTNNB1	True	194	-0.19016817806412378
mouse__transition_figure3	human__OXPHOS_figure4	CSNK2A1	True	194	-0.2013608740492988
mouse__transition_figure3	human__OXPHOS_figure4	ELOVL1	True	194	-0.180852436383658
mouse__transition_figure3	human__OXPHOS_figure4	ATP6V0E	True	194	-0.19669314180291156
mouse__transition_figure3	human__OXPHOS_figure4	SLC34A2	True	194	-0.18480521668385563
mouse__transition_figure3	human__OXPHOS_figure4	FZD5	True	194	-0.19530597067053448
mouse__transition_figure3	human__OXPHOS_figure4	PORCN	True	194	-0.1924363014796218
mouse__transition_figure3	human__OXPHOS_figure4	ERBB2	True	194	-0.19835150160453294
mouse__transition_figure3	human__OXPHOS_figure4	ERBB3	True	194	-0.18886318531636623
mouse__transition_figure3	human__OXPHOS_figure4	EGFR	True	194	-0.1889831657579107
mouse__transition_figure3	human__OXPHOS_figure4	ERBB4	True	194	-0.18839148138865036
mouse__transition_figure3	human__PLIN2_sentinel	NKX21	True	194	0.40798363006578375
mouse__transition_figure3	human__PLIN2_sentinel	BECN1	True	194	0.38066260431518695
mouse__transition_figure3	human__PLIN2_sentinel	KEAP1	True	194	0.3779655097319751
mouse__transition_figure3	human__PLIN2_sentinel	TRP53	True	194	0.38518241546925913
mouse__transition_figure3	human__PLIN2_sentinel	CDKN2B	True	194	0.3919407658203662
mouse__transition_figure3	human__PLIN2_sentinel	CTNNB1	True	194	0.3838741355861167
mouse__transition_figure3	human__PLIN2_sentinel	CSNK2A1	True	194	0.40532105040411215
mouse__transition_figure3	human__PLIN2_sentinel	ELOVL1	True	194	0.378475015716616
mouse__transition_figure3	human__PLIN2_sentinel	ATP6V0E	True	194	0.40080123925004
mouse__transition_figure3	human__PLIN2_sentinel	SLC34A2	True	194	0.39226126152038227
mouse__transition_figure3	human__PLIN2_sentinel	FZD5	True	194	0.38221084508141817
mouse__transition_figure3	human__PLIN2_sentinel	PORCN	True	194	0.3922579743849975
mouse__transition_figure3	human__PLIN2_sentinel	ERBB2	True	194	0.37888590763971347
mouse__transition_figure3	human__PLIN2_sentinel	ERBB3	True	194	0.37785210356120025
mouse__transition_figure3	human__PLIN2_sentinel	EGFR	True	194	0.38221248864911056
mouse__transition_figure3	human__PLIN2_sentinel	ERBB4	True	194	0.3880241440094011
mouse__transition_figure3	human__chemokines_figure4	NKX21	True	194	0.16977314656925785
mouse__transition_figure3	human__chemokines_figure4	BECN1	True	194	0.14590525654037217
mouse__transition_figure3	human__chemokines_figure4	KEAP1	True	194	0.1448320068372416
mouse__transition_figure3	human__chemokines_figure4	TRP53	True	194	0.14847579641126993
mouse__transition_figure3	human__chemokines_figure4	CDKN2B	True	194	0.1546621852054254
mouse__transition_figure3	human__chemokines_figure4	CTNNB1	True	194	0.15368426242845343
mouse__transition_figure3	human__chemokines_figure4	CSNK2A1	True	194	0.1650330973444055
mouse__transition_figure3	human__chemokines_figure4	ELOVL1	True	194	0.14109124676936224
mouse__transition_figure3	human__chemokines_figure4	ATP6V0E	True	194	0.1625513101288968
mouse__transition_figure3	human__chemokines_figure4	SLC34A2	True	194	0.1519502985129821
mouse__transition_figure3	human__chemokines_figure4	FZD5	True	194	0.1448648781910894
mouse__transition_figure3	human__chemokines_figure4	PORCN	True	194	0.15688921942861367
mouse__transition_figure3	human__chemokines_figure4	ERBB2	True	194	0.15308107308534635
mouse__transition_figure3	human__chemokines_figure4	ERBB3	True	194	0.16145340691038035
mouse__transition_figure3	human__chemokines_figure4	EGFR	True	194	0.145997296331146
mouse__transition_figure3	human__chemokines_figure4	ERBB4	True	194	0.15227243778069052
mouse__transition_figure3	human__wound_figure4	NKX21	True	194	0.18931023572869626
mouse__transition_figure3	human__wound_figure4	BECN1	True	194	0.19411438409355186
mouse__transition_figure3	human__wound_figure4	KEAP1	True	194	0.19338464003813077
mouse__transition_figure3	human__wound_figure4	TRP53	True	194	0.20154988433392365
mouse__transition_figure3	human__wound_figure4	CDKN2B	True	194	0.19807045152913427
mouse__transition_figure3	human__wound_figure4	CTNNB1	True	194	0.19536020840438337
mouse__transition_figure3	human__wound_figure4	CSNK2A1	True	194	0.1945433552612656
mouse__transition_figure3	human__wound_figure4	ELOVL1	True	194	0.19107871456570777
mouse__transition_figure3	human__wound_figure4	ATP6V0E	True	194	0.20974799998356433
mouse__transition_figure3	human__wound_figure4	SLC34A2	True	194	0.19449897893357107
mouse__transition_figure3	human__wound_figure4	FZD5	True	194	0.2050736934664075
mouse__transition_figure3	human__wound_figure4	PORCN	True	194	0.19609159602749687
mouse__transition_figure3	human__wound_figure4	ERBB2	True	194	0.1896668899179449
mouse__transition_figure3	human__wound_figure4	ERBB3	True	194	0.18947459249793527
mouse__transition_figure3	human__wound_figure4	EGFR	True	194	0.19624116068750433
mouse__transition_figure3	human__wound_figure4	ERBB4	True	194	0.20307840228784618
growth_coverage	human__Hippo_figure4	NKX21	True	194	0.22146663763030408
growth_coverage	human__Hippo_figure4	BECN1	True	194	0.22281929384114096
growth_coverage	human__Hippo_figure4	KEAP1	True	194	0.23965764484967514
growth_coverage	human__Hippo_figure4	TRP53	True	194	0.22346521594425015
growth_coverage	human__Hippo_figure4	CDKN2B	True	194	0.2247061095520045
growth_coverage	human__Hippo_figure4	CTNNB1	True	194	0.22132364724106618
growth_coverage	human__Hippo_figure4	CSNK2A1	True	194	0.22866875125835653
growth_coverage	human__Hippo_figure4	ELOVL1	True	194	0.24227749175134464
growth_coverage	human__Hippo_figure4	ATP6V0E	True	194	0.22465515895354046
growth_coverage	human__Hippo_figure4	SLC34A2	True	194	0.23619464772180973
growth_coverage	human__Hippo_figure4	FZD5	True	194	0.2334531768109034
growth_coverage	human__Hippo_figure4	PORCN	True	194	0.23276780908317685
growth_coverage	human__Hippo_figure4	ERBB2	True	194	0.22258919436420638
growth_coverage	human__Hippo_figure4	ERBB3	True	194	0.22330743344578075
growth_coverage	human__Hippo_figure4	EGFR	True	194	0.2366992230033734
growth_coverage	human__Hippo_figure4	ERBB4	True	194	0.23333812707243612
growth_coverage	human__ID_figure4	NKX21	True	194	-0.3382240429299881
growth_coverage	human__ID_figure4	BECN1	True	194	-0.3448032444026248
growth_coverage	human__ID_figure4	KEAP1	True	194	-0.3347906300205857
growth_coverage	human__ID_figure4	TRP53	True	194	-0.33141967268349404
growth_coverage	human__ID_figure4	CDKN2B	True	194	-0.3374762196299507
growth_coverage	human__ID_figure4	CTNNB1	True	194	-0.33605124644064865
growth_coverage	human__ID_figure4	CSNK2A1	True	194	-0.33215763457737707
growth_coverage	human__ID_figure4	ELOVL1	True	194	-0.3451352450764876
growth_coverage	human__ID_figure4	ATP6V0E	True	194	-0.33251593233431803
growth_coverage	human__ID_figure4	SLC34A2	True	194	-0.33938768885620013
growth_coverage	human__ID_figure4	FZD5	True	194	-0.33991527408545724
growth_coverage	human__ID_figure4	PORCN	True	194	-0.3398232342946835
growth_coverage	human__ID_figure4	ERBB2	True	194	-0.35844156911407593
growth_coverage	human__ID_figure4	ERBB3	True	194	-0.329121965049533
growth_coverage	human__ID_figure4	EGFR	True	194	-0.3384442810007684
growth_coverage	human__ID_figure4	ERBB4	True	194	-0.34101153373628135
growth_coverage	human__OXPHOS_figure4	NKX21	True	194	-0.024001840795815476
growth_coverage	human__OXPHOS_figure4	BECN1	True	194	-0.04030274516893821
growth_coverage	human__OXPHOS_figure4	KEAP1	True	194	-0.039173614164266374
growth_coverage	human__OXPHOS_figure4	TRP53	True	194	-0.027742600863694816
growth_coverage	human__OXPHOS_figure4	CDKN2B	True	194	-0.028648206662201636
growth_coverage	human__OXPHOS_figure4	CTNNB1	True	194	-0.04482584345839514
growth_coverage	human__OXPHOS_figure4	CSNK2A1	True	194	-0.05105825214793752
growth_coverage	human__OXPHOS_figure4	ELOVL1	True	194	-0.044472476404531315
growth_coverage	human__OXPHOS_figure4	ATP6V0E	True	194	-0.029420683477624877
growth_coverage	human__OXPHOS_figure4	SLC34A2	True	194	-0.04003648720277105
growth_coverage	human__OXPHOS_figure4	FZD5	True	194	-0.050031022340193854
growth_coverage	human__OXPHOS_figure4	PORCN	True	194	-0.03898624744733392
growth_coverage	human__OXPHOS_figure4	ERBB2	True	194	-0.048224741446257394
growth_coverage	human__OXPHOS_figure4	ERBB3	True	194	-0.04056078529664342
growth_coverage	human__OXPHOS_figure4	EGFR	True	194	-0.03914238637811096
growth_coverage	human__OXPHOS_figure4	ERBB4	True	194	-0.03842086016115181
growth_coverage	human__PLIN2_sentinel	NKX21	True	194	0.3789960266751036
growth_coverage	human__PLIN2_sentinel	BECN1	True	194	0.3488973715243679
growth_coverage	human__PLIN2_sentinel	KEAP1	True	194	0.35136107949526035
growth_coverage	human__PLIN2_sentinel	TRP53	True	194	0.3488973715243679
growth_coverage	human__PLIN2_sentinel	CDKN2B	True	194	0.3667267938514132
growth_coverage	human__PLIN2_sentinel	CTNNB1	True	194	0.3512772575429485
growth_coverage	human__PLIN2_sentinel	CSNK2A1	True	194	0.3744334827610294
growth_coverage	human__PLIN2_sentinel	ELOVL1	True	194	0.3738450855271538
growth_coverage	human__PLIN2_sentinel	ATP6V0E	True	194	0.3507168009598436
growth_coverage	human__PLIN2_sentinel	SLC34A2	True	194	0.358850817469481
growth_coverage	human__PLIN2_sentinel	FZD5	True	194	0.35380342108615165
growth_coverage	human__PLIN2_sentinel	PORCN	True	194	0.3601623844880081
growth_coverage	human__PLIN2_sentinel	ERBB2	True	194	0.34975202672441064
growth_coverage	human__PLIN2_sentinel	ERBB3	True	194	0.34885956946744295
growth_coverage	human__PLIN2_sentinel	EGFR	True	194	0.3623039531911921
growth_coverage	human__PLIN2_sentinel	ERBB4	True	194	0.3603070184449384
growth_coverage	human__chemokines_figure4	NKX21	True	194	0.07573477748147904
growth_coverage	human__chemokines_figure4	BECN1	True	194	0.05005896299096448
growth_coverage	human__chemokines_figure4	KEAP1	True	194	0.05318174160650523
growth_coverage	human__chemokines_figure4	TRP53	True	194	0.049477140027858475
growth_coverage	human__chemokines_figure4	CDKN2B	True	194	0.061734867877702125
growth_coverage	human__chemokines_figure4	CTNNB1	True	194	0.06123193616383082
growth_coverage	human__chemokines_figure4	CSNK2A1	True	194	0.07095363906431691
growth_coverage	human__chemokines_figure4	ELOVL1	True	194	0.07183623491513026
growth_coverage	human__chemokines_figure4	ATP6V0E	True	194	0.050280844629437105
growth_coverage	human__chemokines_figure4	SLC34A2	True	194	0.06058930119610638
growth_coverage	human__chemokines_figure4	FZD5	True	194	0.04886737641398183
growth_coverage	human__chemokines_figure4	PORCN	True	194	0.05982997292222226
growth_coverage	human__chemokines_figure4	ERBB2	True	194	0.06069613309611173
growth_coverage	human__chemokines_figure4	ERBB3	True	194	0.06810697982109765
growth_coverage	human__chemokines_figure4	EGFR	True	194	0.06187785826694005
growth_coverage	human__chemokines_figure4	ERBB4	True	194	0.05984805216683855
growth_coverage	human__wound_figure4	NKX21	True	194	0.1875039548347598
growth_coverage	human__wound_figure4	BECN1	True	194	0.1888598981809814
growth_coverage	human__wound_figure4	KEAP1	True	194	0.1944168005489516
growth_coverage	human__wound_figure4	TRP53	True	194	0.19544567392438764
growth_coverage	human__wound_figure4	CDKN2B	True	194	0.1924017865580816
growth_coverage	human__wound_figure4	CTNNB1	True	194	0.18763872738553578
growth_coverage	human__wound_figure4	CSNK2A1	True	194	0.1925020441873174
growth_coverage	human__wound_figure4	ELOVL1	True	194	0.21158386509596377
growth_coverage	human__wound_figure4	ATP6V0E	True	194	0.19398782938123782
growth_coverage	human__wound_figure4	SLC34A2	True	194	0.20383773056173035
growth_coverage	human__wound_figure4	FZD5	True	194	0.20477456414639258
growth_coverage	human__wound_figure4	PORCN	True	194	0.20033528780924753
growth_coverage	human__wound_figure4	ERBB2	True	194	0.1876551630624597
growth_coverage	human__wound_figure4	ERBB3	True	194	0.18788197540400947
growth_coverage	human__wound_figure4	EGFR	True	194	0.20436038508791032
growth_coverage	human__wound_figure4	ERBB4	True	194	0.20075932827388412
