variant	day	endpoint	target	target_wells	control_wells	plates	status	effect	se	ci_low	ci_high	p	q
all_wells_scaling	day14	organoids_count	ATP6V0E	4	24	plate3	technical_well_model	-0.95021625783	0.271661325313	-1.50862410935	-0.391808406308	0.00170572926198	0.0163262657932
all_wells_scaling	day14	organoids_count	BECN1	4	22	plate1	technical_well_model	-0.66335283004	0.175485942032	-1.02553801339	-0.301167646695	0.000916715274761	0.0102366539015
all_wells_scaling	day14	organoids_count	CDKN2B	4	24	plate4	technical_well_model	0.0016493693114	0.324074031044	-0.6644943418	0.667793080423	0.995978047731	0.996946693409
all_wells_scaling	day14	organoids_count	CSNK2A1	8	24	plate3	technical_well_model	-0.89856237292	0.19574272773	-1.29832235428	-0.498802391556	7.38445835469e-05	0.00123689677441
all_wells_scaling	day14	organoids_count	CTNNB1	4	24	plate4	technical_well_model	-0.0775203576358	0.297903782546	-0.689870352542	0.53482963727	0.796744254668	0.930495178891
all_wells_scaling	day14	organoids_count	EGFR	4	24	plate3	technical_well_model	0.0441210266943	0.287427414713	-0.546694485721	0.634936539109	0.879186683625	0.968374063102
all_wells_scaling	day14	organoids_count	ELOVL1	4	24	plate3	technical_well_model	-0.0462732718989	0.274101805292	-0.609697601861	0.517151058064	0.867246427853	0.966395763911
all_wells_scaling	day14	organoids_count	ERBB2	4	24	plate3	technical_well_model	-0.478874558023	0.270961487445	-1.0358438722	0.0780947561581	0.0889124189916	0.262814650255
all_wells_scaling	day14	organoids_count	ERBB3	4	24	plate3	technical_well_model	-1.78959188762	0.276222924172	-2.35737623989	-1.22180753536	7.24318367378e-07	2.0798284549e-05
all_wells_scaling	day14	organoids_count	ERBB4	4	24	plate3	technical_well_model	0.128058589674	0.274623403352	-0.436437900456	0.692555079803	0.644879743331	0.864138856063
all_wells_scaling	day14	organoids_count	FZD5	3	21	plate2	technical_well_model	-0.715032768719	0.241744693352	-1.21638057757	-0.213684959868	0.0072707353933	0.0487139271351
all_wells_scaling	day14	organoids_count	KEAP1	3	22	plate1	technical_well_model	-1.22246818698	0.214855602249	-1.66693086371	-0.778005510249	8.57511532196e-06	0.00015669074361
all_wells_scaling	day14	organoids_count	NKX21	4	22	plate1	technical_well_model	1.32902778201	0.23191652505	0.850375599537	1.80767996447	6.63145636999e-06	0.000133292273037
all_wells_scaling	day14	organoids_count	PORCN	4	24	plate4	technical_well_model	0.387601788179	0.315700892956	-0.261330691098	1.03653426746	0.230540607096	0.477718165219
all_wells_scaling	day14	organoids_count	SLC34A2	8	24	plate4	technical_well_model	0.0610266645218	0.226620382345	-0.401793900378	0.523847229422	0.789549849411	0.928067366852
all_wells_scaling	day14	organoids_count	TRP53	4	22	plate1	technical_well_model	2.18047248801	0.196883885282	1.77412412037	2.58682085565	6.45535921309e-11	3.24381800458e-09
all_wells_scaling	day14	organoids_area_mean	ATP6V0E	4	24	plate3	technical_well_model	0.0238216110887	0.163369578235	-0.311989366353	0.35963258853	0.885192649991	0.966976753523
all_wells_scaling	day14	organoids_area_mean	BECN1	4	22	plate1	technical_well_model	1.73411672733	0.218381533561	1.28339939433	2.18483406033	3.59878046406e-08	1.03336410468e-06
all_wells_scaling	day14	organoids_area_mean	CDKN2B	4	24	plate4	technical_well_model	1.85243983557	0.590191717657	0.639283385486	3.06559628566	0.00419198301626	0.0495640344864
all_wells_scaling	day14	organoids_area_mean	CSNK2A1	8	24	plate3	technical_well_model	0.674925832276	0.188744585673	0.28945796368	1.06039370087	0.00120659372365	0.0186557952656
all_wells_scaling	day14	organoids_area_mean	CTNNB1	4	24	plate4	technical_well_model	2.41901890516	0.5713477057	1.24459687639	3.59344093393	0.000253470142262	0.00424562488288
all_wells_scaling	day14	organoids_area_mean	EGFR	4	24	plate3	technical_well_model	0.105943720152	0.165315422873	-0.233866998225	0.445754438528	0.527223697283	0.814250168571
all_wells_scaling	day14	organoids_area_mean	ELOVL1	4	24	plate3	technical_well_model	0.107404694795	0.167109496293	-0.236093794313	0.450903183902	0.526033306742	0.814250168571
all_wells_scaling	day14	organoids_area_mean	ERBB2	4	24	plate3	technical_well_model	-1.63614038754	0.168140671069	-1.98175848676	-1.29052228832	3.73087069795e-10	1.87476252572e-08
all_wells_scaling	day14	organoids_area_mean	ERBB3	4	24	plate3	technical_well_model	-2.01190154515	0.17593847752	-2.37354826508	-1.65025482521	1.21069410061e-11	8.11165047407e-10
all_wells_scaling	day14	organoids_area_mean	ERBB4	4	24	plate3	technical_well_model	-0.0802446107603	0.174619354184	-0.439179833841	0.278690612321	0.649665713888	0.832948191132
all_wells_scaling	day14	organoids_area_mean	FZD5	3	21	plate2	technical_well_model	-1.27750411376	0.562793380395	-2.44466614816	-0.110342079367	0.0333578528248	0.234773919513
all_wells_scaling	day14	organoids_area_mean	KEAP1	3	22	plate1	technical_well_model	-0.0949367181015	0.257918465573	-0.628481714776	0.438608278573	0.716173526792	0.856402455467
all_wells_scaling	day14	organoids_area_mean	NKX21	4	22	plate1	technical_well_model	5.37272199417	0.210184854899	4.93892177447	5.80652221388	6.40984361068e-19	6.44189282873e-17
all_wells_scaling	day14	organoids_area_mean	PORCN	4	24	plate4	technical_well_model	-0.636873420535	0.577665413762	-1.82428168421	0.550534843139	0.280347382582	0.687192974377
all_wells_scaling	day14	organoids_area_mean	SLC34A2	8	24	plate4	technical_well_model	-0.555085502582	0.420672446605	-1.41421325341	0.304042248244	0.196977583013	0.628452288661
all_wells_scaling	day14	organoids_area_mean	TRP53	4	22	plate1	technical_well_model	1.63356820582	0.227152668161	1.16474814073	2.10238827091	1.97152799467e-07	4.40307918809e-06
all_wells_scaling	day14	organoids_area_prop	ATP6V0E	4	24	plate3	technical_well_model	-0.493299516808	0.254708307037	-1.01685994019	0.0302609065742	0.0637179411588	0.241647286282
all_wells_scaling	day14	organoids_area_prop	BECN1	4	22	plate1	technical_well_model	2.25618394471	0.221929225633	1.79814453514	2.71422335428	3.55883104257e-10	1.02189291365e-08
all_wells_scaling	day14	organoids_area_prop	CDKN2B	4	24	plate4	technical_well_model	0.864311251718	0.245923095932	0.358809088388	1.36981341505	0.0016345916541	0.0156453772607
all_wells_scaling	day14	organoids_area_prop	CSNK2A1	8	24	plate3	technical_well_model	0.448869635448	0.20716860331	0.0257749030963	0.871964367799	0.0383293403443	0.163919093813
all_wells_scaling	day14	organoids_area_prop	CTNNB1	4	24	plate4	technical_well_model	2.38284803673	0.256228164159	1.8561635023	2.90953257117	9.40252921259e-10	2.36238546466e-08
all_wells_scaling	day14	organoids_area_prop	EGFR	4	24	plate3	technical_well_model	0.097810490329	0.263835549945	-0.444511249543	0.640132230201	0.713845618318	0.935446295516
all_wells_scaling	day14	organoids_area_prop	ELOVL1	4	24	plate3	technical_well_model	0.444948018483	0.252895019628	-0.0748851392491	0.964781176216	0.090270629305	0.307532143903
all_wells_scaling	day14	organoids_area_prop	ERBB2	4	24	plate3	technical_well_model	-1.39317731842	0.250439927479	-1.90796396196	-0.878390674872	7.65774521488e-06	0.000118400522169
all_wells_scaling	day14	organoids_area_prop	ERBB3	4	24	plate3	technical_well_model	-2.33089845309	0.25394884451	-2.85289777889	-1.80889912729	1.22433836202e-09	2.73435567518e-08
all_wells_scaling	day14	organoids_area_prop	ERBB4	4	24	plate3	technical_well_model	0.0168841758674	0.260354785441	-0.518282750098	0.552051101833	0.948788974747	0.976489959128
all_wells_scaling	day14	organoids_area_prop	FZD5	3	21	plate2	technical_well_model	-1.27205870384	0.464769129626	-2.23593088457	-0.308186523117	0.0120351189649	0.0671960808875
all_wells_scaling	day14	organoids_area_prop	KEAP1	3	22	plate1	technical_well_model	-0.363538316026	0.0920968148609	-0.554055092984	-0.173021539069	0.000641066436918	0.00757966787179
all_wells_scaling	day14	organoids_area_prop	NKX21	4	22	plate1	technical_well_model	6.39711299997	0.258816311214	5.86294238753	6.93128361241	1.39613442663e-18	1.40311509877e-16
all_wells_scaling	day14	organoids_area_prop	PORCN	4	24	plate4	technical_well_model	-0.0308319977633	0.254998798797	-0.554989535508	0.493325539982	0.904691611233	0.976489959128
all_wells_scaling	day14	organoids_area_prop	SLC34A2	8	24	plate4	technical_well_model	-0.140029575022	0.196370246919	-0.541071121542	0.261011971498	0.481300841043	0.75579272695
all_wells_scaling	day14	organoids_area_prop	TRP53	4	22	plate1	technical_well_model	1.97272170412	0.0722182917174	1.82367047573	2.12177293252	1.37136405522e-19	2.75644175099e-17
