ID	symbol	projection_z	component	program
ENSMUSG00000022097	Sftpc	-2.4469471631	ICA_05	AT2_figure3
ENSMUSG00000056370	Sftpb	-1.76502185044	ICA_05	AT2_figure3
ENSMUSG00000024130	Abca3	-1.75031084919	ICA_05	AT2_figure3
ENSMUSG00000021795	Sftpd	-0.188886734274	ICA_05	AT2_figure3
ENSMUSG00000050359	Sprr1a	9.81963716826	ICA_05	transition_figure3
ENSMUSG00000049382	Krt8	6.46476743191	ICA_05	transition_figure3
ENSMUSG00000022037	Clu	1.78166603012	ICA_05	transition_figure3
ENSMUSG00000025492	Ifitm3	-1.26495420229	ICA_05	IFN_figure3
ENSMUSG00000034459	Ifit1	0.793306958961	ICA_05	IFN_figure3
ENSMUSG00000027514	Zbp1	-0.639853520668	ICA_05	IFN_figure3
ENSMUSG00000035692	Isg15	0.350042817469	ICA_05	IFN_figure3
ENSMUSG00000025498	Irf7	-0.193952957704	ICA_05	IFN_figure3
ENSMUSG00000005125	Ndrg1	0.805621983776	ICA_05	hypoxia_figure3
ENSMUSG00000043421	Hilpda	0.730812282081	ICA_05	hypoxia_figure3
ENSMUSG00000004558	Ndrg2	0.66645798413	ICA_05	hypoxia_figure3
ENSMUSG00000030695	Aldoa	-0.607079899709	ICA_05	hypoxia_figure3
ENSMUSG00000000567	Sox9	2.10214003533	ICA_05	Wnt_maintext
ENSMUSG00000021253	Tgfb3	0.748085208491	ICA_05	Wnt_maintext
ENSMUSG00000007655	Cav1	-2.03936600837	ICA_05	AT1_maintext
ENSMUSG00000037846	Rtkn2	-1.6802599627	ICA_05	AT1_maintext
ENSMUSG00000058297	Spock2	-0.54517286989	ICA_05	AT1_maintext
ENSMUSG00000044217	Aqp5	-0.470005989742	ICA_05	AT1_maintext
ENSMUSG00000059325	Hopx	-0.329438953707	ICA_05	AT1_maintext
ENSMUSG00000021795	Sftpd	0.86370100017	ICA_13	AT2_figure3
ENSMUSG00000056370	Sftpb	0.568075348866	ICA_13	AT2_figure3
ENSMUSG00000024130	Abca3	0.556834020936	ICA_13	AT2_figure3
ENSMUSG00000022097	Sftpc	0.504604009246	ICA_13	AT2_figure3
ENSMUSG00000050359	Sprr1a	-3.49313832898	ICA_13	transition_figure3
ENSMUSG00000022037	Clu	-1.3815545842	ICA_13	transition_figure3
ENSMUSG00000049382	Krt8	0.0972275350228	ICA_13	transition_figure3
ENSMUSG00000035692	Isg15	9.87275788324	ICA_13	IFN_figure3
ENSMUSG00000025498	Irf7	9.68661699765	ICA_13	IFN_figure3
ENSMUSG00000027514	Zbp1	9.64816651034	ICA_13	IFN_figure3
ENSMUSG00000034459	Ifit1	9.45984744517	ICA_13	IFN_figure3
ENSMUSG00000025492	Ifitm3	8.90407921427	ICA_13	IFN_figure3
ENSMUSG00000030695	Aldoa	1.84786643724	ICA_13	hypoxia_figure3
ENSMUSG00000005125	Ndrg1	-1.30862088475	ICA_13	hypoxia_figure3
ENSMUSG00000043421	Hilpda	-1.02593485459	ICA_13	hypoxia_figure3
ENSMUSG00000004558	Ndrg2	0.730826481403	ICA_13	hypoxia_figure3
ENSMUSG00000000567	Sox9	2.014008169	ICA_13	Wnt_maintext
ENSMUSG00000021253	Tgfb3	0.890022392564	ICA_13	Wnt_maintext
ENSMUSG00000007655	Cav1	-3.18002132708	ICA_13	AT1_maintext
ENSMUSG00000058297	Spock2	-1.63183860857	ICA_13	AT1_maintext
ENSMUSG00000037846	Rtkn2	-1.40568403806	ICA_13	AT1_maintext
ENSMUSG00000044217	Aqp5	-0.433167962874	ICA_13	AT1_maintext
ENSMUSG00000059325	Hopx	0.0531360067052	ICA_13	AT1_maintext
ENSMUSG00000021795	Sftpd	-2.37331574807	ICA_17	AT2_figure3
ENSMUSG00000024130	Abca3	-0.392239702436	ICA_17	AT2_figure3
ENSMUSG00000022097	Sftpc	-0.386809949991	ICA_17	AT2_figure3
ENSMUSG00000056370	Sftpb	-0.14678679551	ICA_17	AT2_figure3
ENSMUSG00000050359	Sprr1a	5.79399300047	ICA_17	transition_figure3
ENSMUSG00000049382	Krt8	1.43581859701	ICA_17	transition_figure3
ENSMUSG00000022037	Clu	-0.564185260035	ICA_17	transition_figure3
ENSMUSG00000034459	Ifit1	1.15742163387	ICA_17	IFN_figure3
ENSMUSG00000025492	Ifitm3	-0.431741682723	ICA_17	IFN_figure3
ENSMUSG00000035692	Isg15	0.343467161978	ICA_17	IFN_figure3
ENSMUSG00000025498	Irf7	0.112759372768	ICA_17	IFN_figure3
ENSMUSG00000027514	Zbp1	-0.0515901587449	ICA_17	IFN_figure3
ENSMUSG00000004558	Ndrg2	1.26378947402	ICA_17	hypoxia_figure3
ENSMUSG00000043421	Hilpda	-0.788751955535	ICA_17	hypoxia_figure3
ENSMUSG00000030695	Aldoa	-0.625665182578	ICA_17	hypoxia_figure3
ENSMUSG00000005125	Ndrg1	0.575996543743	ICA_17	hypoxia_figure3
ENSMUSG00000000567	Sox9	-4.86838058958	ICA_17	Wnt_maintext
ENSMUSG00000021253	Tgfb3	-2.79837030649	ICA_17	Wnt_maintext
ENSMUSG00000044217	Aqp5	2.50999099122	ICA_17	AT1_maintext
ENSMUSG00000059325	Hopx	-0.397761080868	ICA_17	AT1_maintext
ENSMUSG00000058297	Spock2	0.286345984342	ICA_17	AT1_maintext
ENSMUSG00000037846	Rtkn2	0.276902750837	ICA_17	AT1_maintext
ENSMUSG00000007655	Cav1	0.223851797902	ICA_17	AT1_maintext
