donor,mode,floor,score,estimate,n_states,csf_coverage,blood_coverage,activation_gap
MS19270,original_pooled,0,proinflammatory_authors,0.06514802900892644,19,1.0,1.0,0.03153217390247022
MS19270,original_pooled,0,proregulatory_authors,0.00736728404216285,19,1.0,1.0,0.03153217390247022
MS19270,original_pooled,0,activation_disjoint,0.03153217390247022,19,1.0,1.0,0.03153217390247022
MS19270,common_state,5,proinflammatory_authors,0.04045687788369575,8,0.9609737248840804,0.8868388683886839,-0.03281107466413533
MS19270,common_state,5,proregulatory_authors,0.0005023686202143534,8,0.9609737248840804,0.8868388683886839,-0.03281107466413533
MS19270,common_state,5,activation_disjoint,-0.03281107466413533,8,0.9609737248840804,0.8868388683886839,-0.03281107466413533
MS19270,activation_overlap,5,proinflammatory_authors,0.03680019377786586,8,0.8489180834621329,0.7691676916769168,-0.016235194456608367
MS19270,activation_overlap,5,proregulatory_authors,0.0036974586906082336,8,0.8489180834621329,0.7691676916769168,-0.016235194456608367
MS19270,activation_overlap,5,activation_disjoint,-0.016235194456608367,8,0.8489180834621329,0.7691676916769168,-0.016235194456608367
MS19270,activation_linear,5,proinflammatory_authors,0.03800612422701431,8,0.8489180834621329,0.7691676916769168,-0.016235194456608367
MS19270,activation_linear,5,proregulatory_authors,0.003975126458662513,8,0.8489180834621329,0.7691676916769168,-0.016235194456608367
MS19270,activation_linear,5,activation_disjoint,0.0,8,0.8489180834621329,0.7691676916769168,-0.016235194456608367
MS19270,common_state,20,proinflammatory_authors,0.04000088275539947,6,0.9528593508500772,0.8142681426814268,-0.03200208219575649
MS19270,common_state,20,proregulatory_authors,0.0009726825454696286,6,0.9528593508500772,0.8142681426814268,-0.03200208219575649
MS19270,common_state,20,activation_disjoint,-0.03200208219575649,6,0.9528593508500772,0.8142681426814268,-0.03200208219575649
MS19270,activation_overlap,20,proinflammatory_authors,0.03474926398473829,6,0.8423493044822257,0.7470274702747027,-0.016717975767439663
MS19270,activation_overlap,20,proregulatory_authors,0.002866119921928662,6,0.8423493044822257,0.7470274702747027,-0.016717975767439663
MS19270,activation_overlap,20,activation_disjoint,-0.016717975767439663,6,0.8423493044822257,0.7470274702747027,-0.016717975767439663
MS19270,activation_linear,20,proinflammatory_authors,0.03588209549482069,6,0.8423493044822257,0.7470274702747027,-0.016717975767439663
MS19270,activation_linear,20,proregulatory_authors,0.0029889919883434903,6,0.8423493044822257,0.7470274702747027,-0.016717975767439663
MS19270,activation_linear,20,activation_disjoint,0.0,6,0.8423493044822257,0.7470274702747027,-0.016717975767439663
MS19270,common_state,50,proinflammatory_authors,0.03446946043104878,3,0.4868624420401855,0.7626076260762608,-0.043872752091818255
MS19270,common_state,50,proregulatory_authors,-0.007902491407039136,3,0.4868624420401855,0.7626076260762608,-0.043872752091818255
MS19270,common_state,50,activation_disjoint,-0.043872752091818255,3,0.4868624420401855,0.7626076260762608,-0.043872752091818255
MS19270,activation_overlap,50,proinflammatory_authors,0.029459050539233606,3,0.43006182380216385,0.7011070110701108,-0.023700507527454284
MS19270,activation_overlap,50,proregulatory_authors,-0.005802255481315393,3,0.43006182380216385,0.7011070110701108,-0.023700507527454284
MS19270,activation_overlap,50,activation_disjoint,-0.023700507527454284,3,0.43006182380216385,0.7011070110701108,-0.023700507527454284
MS19270,activation_linear,50,proinflammatory_authors,0.03147139307756648,3,0.43006182380216385,0.7011070110701108,-0.023700507527454284
MS19270,activation_linear,50,proregulatory_authors,-0.00493284603884421,3,0.43006182380216385,0.7011070110701108,-0.023700507527454284
MS19270,activation_linear,50,activation_disjoint,0.0,3,0.43006182380216385,0.7011070110701108,-0.023700507527454284
MS49131,original_pooled,0,proinflammatory_authors,0.053849224504578554,22,1.0,1.0,0.11104559656743722
MS49131,original_pooled,0,proregulatory_authors,0.0156707523825093,22,1.0,1.0,0.11104559656743722
MS49131,original_pooled,0,activation_disjoint,0.11104559656743722,22,1.0,1.0,0.11104559656743722
MS49131,common_state,5,proinflammatory_authors,0.05049534135674571,6,0.8007290400972054,0.5827653359298929,0.03370650201627583
MS49131,common_state,5,proregulatory_authors,0.011875346451779059,6,0.8007290400972054,0.5827653359298929,0.03370650201627583
MS49131,common_state,5,activation_disjoint,0.03370650201627583,6,0.8007290400972054,0.5827653359298929,0.03370650201627583
MS49131,activation_overlap,5,proinflammatory_authors,0.04875507555188087,5,0.6828675577156743,0.4688412852969815,0.025791971070698305
MS49131,activation_overlap,5,proregulatory_authors,0.01563730025723005,5,0.6828675577156743,0.4688412852969815,0.025791971070698305
MS49131,activation_overlap,5,activation_disjoint,0.025791971070698305,5,0.6828675577156743,0.4688412852969815,0.025791971070698305
MS49131,activation_linear,5,proinflammatory_authors,0.04772407950263828,5,0.6828675577156743,0.4688412852969815,0.025791971070698305
MS49131,activation_linear,5,proregulatory_authors,0.01430996274457684,5,0.6828675577156743,0.4688412852969815,0.025791971070698305
MS49131,activation_linear,5,activation_disjoint,0.0,5,0.6828675577156743,0.4688412852969815,0.025791971070698305
MS49131,common_state,20,proinflammatory_authors,0.05025945637397192,4,0.7849331713244229,0.5199610516066212,0.03294228598373536
MS49131,common_state,20,proregulatory_authors,0.011731828704617246,4,0.7849331713244229,0.5199610516066212,0.03294228598373536
MS49131,common_state,20,activation_disjoint,0.03294228598373536,4,0.7849331713244229,0.5199610516066212,0.03294228598373536
MS49131,activation_overlap,20,proinflammatory_authors,0.04789585379394798,4,0.6767922235722965,0.46007789678675753,0.025238578826303624
MS49131,activation_overlap,20,proregulatory_authors,0.016406995032285012,4,0.6767922235722965,0.46007789678675753,0.025238578826303624
MS49131,activation_overlap,20,activation_disjoint,0.025238578826303624,4,0.6767922235722965,0.46007789678675753,0.025238578826303624
MS49131,activation_linear,20,proinflammatory_authors,0.04705835836903231,4,0.6767922235722965,0.46007789678675753,0.025238578826303624
MS49131,activation_linear,20,proregulatory_authors,0.014982043123111544,4,0.6767922235722965,0.46007789678675753,0.025238578826303624
MS49131,activation_linear,20,activation_disjoint,0.0,4,0.6767922235722965,0.46007789678675753,0.025238578826303624
MS49131,common_state,50,proinflammatory_authors,0.051048621675836306,3,0.741190765492102,0.46592015579357354,0.02950034609276158
MS49131,common_state,50,proregulatory_authors,0.014955992793193536,3,0.741190765492102,0.46592015579357354,0.02950034609276158
MS49131,common_state,50,activation_disjoint,0.02950034609276158,3,0.741190765492102,0.46592015579357354,0.02950034609276158
MS49131,activation_overlap,50,proinflammatory_authors,0.04873778931984215,3,0.637910085054678,0.4089581304771178,0.023746133771320354
MS49131,activation_overlap,50,proregulatory_authors,0.018218997083503132,3,0.637910085054678,0.4089581304771178,0.023746133771320354
MS49131,activation_overlap,50,activation_disjoint,0.023746133771320354,3,0.637910085054678,0.4089581304771178,0.023746133771320354
MS49131,activation_linear,50,proinflammatory_authors,0.04773605302002899,3,0.637910085054678,0.4089581304771178,0.023746133771320354
MS49131,activation_linear,50,proregulatory_authors,0.017792298374035457,3,0.637910085054678,0.4089581304771178,0.023746133771320354
MS49131,activation_linear,50,activation_disjoint,0.0,3,0.637910085054678,0.4089581304771178,0.023746133771320354
MS60249,original_pooled,0,proinflammatory_authors,0.06640141309128636,20,1.0,1.0,0.2576762500221236
MS60249,original_pooled,0,proregulatory_authors,-0.00045764955637502686,20,1.0,1.0,0.2576762500221236
MS60249,original_pooled,0,activation_disjoint,0.2576762500221236,20,1.0,1.0,0.2576762500221236
MS60249,common_state,5,proinflammatory_authors,0.07327945006936788,2,0.9913104744011273,0.016224188790560472,0.3082873105493172
MS60249,common_state,5,proregulatory_authors,0.022140327986118178,2,0.9913104744011273,0.016224188790560472,0.3082873105493172
MS60249,common_state,5,activation_disjoint,0.3082873105493172,2,0.9913104744011273,0.016224188790560472,0.3082873105493172
MS60249,activation_overlap,5,proinflammatory_authors,-0.08568624055372567,1,0.4772193518083607,0.005162241887905605,-0.06549479251132417
MS60249,activation_overlap,5,proregulatory_authors,0.10915623490075893,1,0.4772193518083607,0.005162241887905605,-0.06549479251132417
MS60249,activation_overlap,5,activation_disjoint,-0.06549479251132417,1,0.4772193518083607,0.005162241887905605,-0.06549479251132417
MS60249,activation_linear,5,proinflammatory_authors,-0.09689631983671398,1,0.4772193518083607,0.005162241887905605,-0.06549479251132417
MS60249,activation_linear,5,proregulatory_authors,0.10525692245341323,1,0.4772193518083607,0.005162241887905605,-0.06549479251132417
MS60249,activation_linear,5,activation_disjoint,0.0,1,0.4772193518083607,0.005162241887905605,-0.06549479251132417
MS71658,original_pooled,0,proinflammatory_authors,0.03109463847331643,18,1.0,1.0,0.10536211311174545
MS71658,original_pooled,0,proregulatory_authors,-0.013968868822783835,18,1.0,1.0,0.10536211311174545
MS71658,original_pooled,0,activation_disjoint,0.10536211311174545,18,1.0,1.0,0.10536211311174545
MS71658,common_state,5,proinflammatory_authors,-0.009055840567692316,3,0.04899559039686428,0.08515535097813579,-0.006998041209589743
MS71658,common_state,5,proregulatory_authors,-0.08456008375346154,3,0.04899559039686428,0.08515535097813579,-0.006998041209589743
MS71658,common_state,5,activation_disjoint,-0.006998041209589743,3,0.04899559039686428,0.08515535097813579,-0.006998041209589743
MS71658,activation_overlap,5,proinflammatory_authors,-0.025112050873359992,2,0.03870651641352278,0.05753739930955121,-0.020677254254640003
MS71658,activation_overlap,5,proregulatory_authors,-0.08524957259427998,2,0.03870651641352278,0.05753739930955121,-0.020677254254640003
MS71658,activation_overlap,5,activation_disjoint,-0.020677254254640003,2,0.03870651641352278,0.05753739930955121,-0.020677254254640003
MS71658,activation_linear,5,proinflammatory_authors,-0.01951183833494102,2,0.03870651641352278,0.05753739930955121,-0.020677254254640003
MS71658,activation_linear,5,proregulatory_authors,-0.08590592836834797,2,0.03870651641352278,0.05753739930955121,-0.020677254254640003
MS71658,activation_linear,5,activation_disjoint,0.0,2,0.03870651641352278,0.05753739930955121,-0.020677254254640003
MS71658,common_state,20,proinflammatory_authors,-0.011711267093220347,2,0.046055854973052424,0.06789413118527042,-0.01825561299361582
MS71658,common_state,20,proregulatory_authors,-0.09194094077923728,2,0.046055854973052424,0.06789413118527042,-0.01825561299361582
MS71658,common_state,20,activation_disjoint,-0.01825561299361582,2,0.046055854973052424,0.06789413118527042,-0.01825561299361582
MS71658,activation_overlap,20,proinflammatory_authors,-0.025112050873359992,2,0.03870651641352278,0.05753739930955121,-0.020677254254640003
MS71658,activation_overlap,20,proregulatory_authors,-0.08524957259427998,2,0.03870651641352278,0.05753739930955121,-0.020677254254640003
MS71658,activation_overlap,20,activation_disjoint,-0.020677254254640003,2,0.03870651641352278,0.05753739930955121,-0.020677254254640003
MS71658,activation_linear,20,proinflammatory_authors,-0.01951183833494102,2,0.03870651641352278,0.05753739930955121,-0.020677254254640003
MS71658,activation_linear,20,proregulatory_authors,-0.08590592836834797,2,0.03870651641352278,0.05753739930955121,-0.020677254254640003
MS71658,activation_linear,20,activation_disjoint,0.0,2,0.03870651641352278,0.05753739930955121,-0.020677254254640003
MS74594,original_pooled,0,proinflammatory_authors,0.05850113110864535,20,1.0,1.0,0.11722602521658826
MS74594,original_pooled,0,proregulatory_authors,0.07662647443427975,20,1.0,1.0,0.11722602521658826
MS74594,original_pooled,0,activation_disjoint,0.11722602521658826,20,1.0,1.0,0.11722602521658826
MS74594,common_state,5,proinflammatory_authors,0.027327199497096395,5,0.9630350194552529,0.9090294217111938,0.06499032176507306
MS74594,common_state,5,proregulatory_authors,0.061525238026826676,5,0.9630350194552529,0.9090294217111938,0.06499032176507306
MS74594,common_state,5,activation_disjoint,0.06499032176507306,5,0.9630350194552529,0.9090294217111938,0.06499032176507306
MS74594,activation_overlap,5,proinflammatory_authors,0.017721349178990948,5,0.8015564202334631,0.7653026716266487,0.029586028681369732
MS74594,activation_overlap,5,proregulatory_authors,0.05571706917029063,5,0.8015564202334631,0.7653026716266487,0.029586028681369732
MS74594,activation_overlap,5,activation_disjoint,0.029586028681369732,5,0.8015564202334631,0.7653026716266487,0.029586028681369732
MS74594,activation_linear,5,proinflammatory_authors,0.013345606482749373,5,0.8015564202334631,0.7653026716266487,0.029586028681369732
MS74594,activation_linear,5,proregulatory_authors,0.054660504616331186,5,0.8015564202334631,0.7653026716266487,0.029586028681369732
MS74594,activation_linear,5,activation_disjoint,0.0,5,0.8015564202334631,0.7653026716266487,0.029586028681369732
MS74594,common_state,20,proinflammatory_authors,0.027282156237362454,4,0.9474708171206225,0.8921203922894826,0.06526808506923854
MS74594,common_state,20,proregulatory_authors,0.061390599433961406,4,0.9474708171206225,0.8921203922894826,0.06526808506923854
MS74594,common_state,20,activation_disjoint,0.06526808506923854,4,0.9474708171206225,0.8921203922894826,0.06526808506923854
MS74594,activation_overlap,20,proinflammatory_authors,0.017966289330561838,3,0.7529182879377432,0.32972607372336826,0.02867994566357897
MS74594,activation_overlap,20,proregulatory_authors,0.05553217713163501,3,0.7529182879377432,0.32972607372336826,0.02867994566357897
MS74594,activation_overlap,20,activation_disjoint,0.02867994566357897,3,0.7529182879377432,0.32972607372336826,0.02867994566357897
MS74594,activation_linear,20,proinflammatory_authors,0.013379213337237688,3,0.7529182879377432,0.32972607372336826,0.02867994566357897
MS74594,activation_linear,20,proregulatory_authors,0.054088804972054275,3,0.7529182879377432,0.32972607372336826,0.02867994566357897
MS74594,activation_linear,20,activation_disjoint,0.0,3,0.7529182879377432,0.32972607372336826,0.02867994566357897
MS74594,common_state,50,proinflammatory_authors,0.031598604463793006,1,0.754863813229572,0.34494420020290834,0.0759203683157067
MS74594,common_state,50,proregulatory_authors,0.05212097438207227,1,0.754863813229572,0.34494420020290834,0.0759203683157067
MS74594,common_state,50,activation_disjoint,0.0759203683157067,1,0.754863813229572,0.34494420020290834,0.0759203683157067
MS74594,activation_overlap,50,proinflammatory_authors,0.023414259520806904,1,0.6381322957198443,0.28407169428474804,0.03497787529971428
MS74594,activation_overlap,50,proregulatory_authors,0.043538976640405055,1,0.6381322957198443,0.28407169428474804,0.03497787529971428
MS74594,activation_overlap,50,activation_disjoint,0.03497787529971428,1,0.6381322957198443,0.28407169428474804,0.03497787529971428
MS74594,activation_linear,50,proinflammatory_authors,0.017809644185410093,1,0.6381322957198443,0.28407169428474804,0.03497787529971428
MS74594,activation_linear,50,proregulatory_authors,0.04138239488938736,1,0.6381322957198443,0.28407169428474804,0.03497787529971428
MS74594,activation_linear,50,activation_disjoint,0.0,1,0.6381322957198443,0.28407169428474804,0.03497787529971428
PST83775,original_pooled,0,proinflammatory_authors,0.06697703026178077,17,1.0,1.0,0.06380626918742027
PST83775,original_pooled,0,proregulatory_authors,0.024154171616929863,17,1.0,1.0,0.06380626918742027
PST83775,original_pooled,0,activation_disjoint,0.06380626918742027,17,1.0,1.0,0.06380626918742027
PST83775,common_state,5,proinflammatory_authors,0.035370345864316845,5,0.23434991974317818,0.934006734006734,-0.09355426440681955
PST83775,common_state,5,proregulatory_authors,0.016467134754469655,5,0.23434991974317818,0.934006734006734,-0.09355426440681955
PST83775,common_state,5,activation_disjoint,-0.09355426440681955,5,0.23434991974317818,0.934006734006734,-0.09355426440681955
PST83775,activation_overlap,5,proinflammatory_authors,0.04879451068801073,4,0.1781701444622793,0.7912457912457912,-0.015593076840315296
PST83775,activation_overlap,5,proregulatory_authors,0.01385863124864483,4,0.1781701444622793,0.7912457912457912,-0.015593076840315296
PST83775,activation_overlap,5,activation_disjoint,-0.015593076840315296,4,0.1781701444622793,0.7912457912457912,-0.015593076840315296
PST83775,activation_linear,5,proinflammatory_authors,0.0528327327139143,4,0.1781701444622793,0.7912457912457912,-0.015593076840315296
PST83775,activation_linear,5,proregulatory_authors,0.01574759882893105,4,0.1781701444622793,0.7912457912457912,-0.015593076840315296
PST83775,activation_linear,5,activation_disjoint,0.0,4,0.1781701444622793,0.7912457912457912,-0.015593076840315296
PST83775,common_state,20,proinflammatory_authors,0.03799497425211938,2,0.08025682182985554,0.08215488215488216,-0.17107445460376122
PST83775,common_state,20,proregulatory_authors,0.04409972531976118,2,0.08025682182985554,0.08215488215488216,-0.17107445460376122
PST83775,common_state,20,activation_disjoint,-0.17107445460376122,2,0.08025682182985554,0.08215488215488216,-0.17107445460376122
PST95809,original_pooled,0,proinflammatory_authors,0.052920661248812645,18,1.0,1.0,0.16748964512219505
PST95809,original_pooled,0,proregulatory_authors,-0.002161592134183904,18,1.0,1.0,0.16748964512219505
PST95809,original_pooled,0,activation_disjoint,0.16748964512219505,18,1.0,1.0,0.16748964512219505
PST95809,common_state,5,proinflammatory_authors,0.05769777742442191,2,0.908284023668639,0.8770718232044199,0.1563693496670416
PST95809,common_state,5,proregulatory_authors,-0.014348429639760588,2,0.908284023668639,0.8770718232044199,0.1563693496670416
PST95809,common_state,5,activation_disjoint,0.1563693496670416,2,0.908284023668639,0.8770718232044199,0.1563693496670416
PST95809,activation_overlap,5,proinflammatory_authors,0.04576215221383528,2,0.7662721893491125,0.6477900552486188,0.08746631262317449
PST95809,activation_overlap,5,proregulatory_authors,-0.015551292577835845,2,0.7662721893491125,0.6477900552486188,0.08746631262317449
PST95809,activation_overlap,5,activation_disjoint,0.08746631262317449,2,0.7662721893491125,0.6477900552486188,0.08746631262317449
PST95809,activation_linear,5,proinflammatory_authors,0.03877510064893602,2,0.7662721893491125,0.6477900552486188,0.08746631262317449
PST95809,activation_linear,5,proregulatory_authors,-0.013365357994663818,2,0.7662721893491125,0.6477900552486188,0.08746631262317449
PST95809,activation_linear,5,activation_disjoint,0.0,2,0.7662721893491125,0.6477900552486188,0.08746631262317449
PST95809,common_state,20,proinflammatory_authors,0.05685564519122133,1,0.7662721893491125,0.8646408839779005,0.16306148416582394
PST95809,common_state,20,proregulatory_authors,-0.014356565247054393,1,0.7662721893491125,0.8646408839779005,0.16306148416582394
PST95809,common_state,20,activation_disjoint,0.16306148416582394,1,0.7662721893491125,0.8646408839779005,0.16306148416582394
PST95809,activation_overlap,20,proinflammatory_authors,0.04511085256882473,1,0.6568047337278107,0.638121546961326,0.08933930814247107
PST95809,activation_overlap,20,proregulatory_authors,-0.015994451765218298,1,0.6568047337278107,0.638121546961326,0.08933930814247107
PST95809,activation_overlap,20,activation_disjoint,0.08933930814247107,1,0.6568047337278107,0.638121546961326,0.08933930814247107
PST95809,activation_linear,20,proinflammatory_authors,0.038104851274708786,1,0.6568047337278107,0.638121546961326,0.08933930814247107
PST95809,activation_linear,20,proregulatory_authors,-0.013383761589841467,1,0.6568047337278107,0.638121546961326,0.08933930814247107
PST95809,activation_linear,20,activation_disjoint,0.0,1,0.6568047337278107,0.638121546961326,0.08933930814247107
PST95809,common_state,50,proinflammatory_authors,0.05685564519122133,1,0.7662721893491125,0.8646408839779005,0.16306148416582394
PST95809,common_state,50,proregulatory_authors,-0.014356565247054393,1,0.7662721893491125,0.8646408839779005,0.16306148416582394
PST95809,common_state,50,activation_disjoint,0.16306148416582394,1,0.7662721893491125,0.8646408839779005,0.16306148416582394
PST95809,activation_overlap,50,proinflammatory_authors,0.04511085256882473,1,0.6568047337278107,0.638121546961326,0.08933930814247107
PST95809,activation_overlap,50,proregulatory_authors,-0.015994451765218298,1,0.6568047337278107,0.638121546961326,0.08933930814247107
PST95809,activation_overlap,50,activation_disjoint,0.08933930814247107,1,0.6568047337278107,0.638121546961326,0.08933930814247107
PST95809,activation_linear,50,proinflammatory_authors,0.038104851274708786,1,0.6568047337278107,0.638121546961326,0.08933930814247107
PST95809,activation_linear,50,proregulatory_authors,-0.013383761589841467,1,0.6568047337278107,0.638121546961326,0.08933930814247107
PST95809,activation_linear,50,activation_disjoint,0.0,1,0.6568047337278107,0.638121546961326,0.08933930814247107
PTC32190,original_pooled,0,proinflammatory_authors,0.080160924615038,19,1.0,1.0,0.17354787460163673
PTC32190,original_pooled,0,proregulatory_authors,0.0414491649035305,19,1.0,1.0,0.17354787460163673
PTC32190,original_pooled,0,activation_disjoint,0.17354787460163673,19,1.0,1.0,0.17354787460163673
PTC32190,common_state,5,proinflammatory_authors,0.0350243155306076,7,0.9194711538461539,0.8803894297635605,0.015346283467273493
PTC32190,common_state,5,proregulatory_authors,0.005726095097407918,7,0.9194711538461539,0.8803894297635605,0.015346283467273493
PTC32190,common_state,5,activation_disjoint,0.015346283467273493,7,0.9194711538461539,0.8803894297635605,0.015346283467273493
PTC32190,activation_overlap,5,proinflammatory_authors,0.03607309940460971,6,0.46274038461538464,0.6258692628650904,-0.001593780128639124
PTC32190,activation_overlap,5,proregulatory_authors,0.0009739559115429447,6,0.46274038461538464,0.6258692628650904,-0.001593780128639124
PTC32190,activation_overlap,5,activation_disjoint,-0.001593780128639124,6,0.46274038461538464,0.6258692628650904,-0.001593780128639124
PTC32190,activation_linear,5,proinflammatory_authors,0.035621545056904284,6,0.46274038461538464,0.6258692628650904,-0.001593780128639124
PTC32190,activation_linear,5,proregulatory_authors,0.002344057344615544,6,0.46274038461538464,0.6258692628650904,-0.001593780128639124
PTC32190,activation_linear,5,activation_disjoint,0.0,6,0.46274038461538464,0.6258692628650904,-0.001593780128639124
PTC32190,common_state,20,proinflammatory_authors,0.03244939996575947,2,0.1796875,0.07093184979137691,-0.028537629211654002
PTC32190,common_state,20,proregulatory_authors,-0.0064740005438400534,2,0.1796875,0.07093184979137691,-0.028537629211654002
PTC32190,common_state,20,activation_disjoint,-0.028537629211654002,2,0.1796875,0.07093184979137691,-0.028537629211654002
PTC32190,activation_overlap,20,proinflammatory_authors,0.03824951315114729,2,0.15084134615384615,0.05910987482614743,-0.01208298424012311
PTC32190,activation_overlap,20,proregulatory_authors,0.007110345002563313,2,0.15084134615384615,0.05910987482614743,-0.01208298424012311
PTC32190,activation_overlap,20,activation_disjoint,-0.01208298424012311,2,0.15084134615384615,0.05910987482614743,-0.01208298424012311
PTC32190,activation_linear,20,proinflammatory_authors,0.038674337636183595,2,0.15084134615384615,0.05910987482614743,-0.01208298424012311
PTC32190,activation_linear,20,proregulatory_authors,0.009224824310085375,2,0.15084134615384615,0.05910987482614743,-0.01208298424012311
PTC32190,activation_linear,20,activation_disjoint,0.0,2,0.15084134615384615,0.05910987482614743,-0.01208298424012311
PTC32190,common_state,50,proinflammatory_authors,0.03618980321063462,1,0.14423076923076922,0.054242002781641166,-0.07723311511206732
PTC32190,common_state,50,proregulatory_authors,-0.01971186753949358,1,0.14423076923076922,0.054242002781641166,-0.07723311511206732
PTC32190,common_state,50,activation_disjoint,-0.07723311511206732,1,0.14423076923076922,0.054242002781641166,-0.07723311511206732
PTC32190,activation_overlap,50,proinflammatory_authors,0.03488602129252594,1,0.12920673076923078,0.045201668984700974,-0.02115521649862253
PTC32190,activation_overlap,50,proregulatory_authors,-0.001349785060579603,1,0.12920673076923078,0.045201668984700974,-0.02115521649862253
PTC32190,activation_overlap,50,activation_disjoint,-0.02115521649862253,1,0.12920673076923078,0.045201668984700974,-0.02115521649862253
PTC32190,activation_linear,50,proinflammatory_authors,0.0358756581916482,1,0.12920673076923078,0.045201668984700974,-0.02115521649862253
PTC32190,activation_linear,50,proregulatory_authors,-3.023641983489699e-06,1,0.12920673076923078,0.045201668984700974,-0.02115521649862253
PTC32190,activation_linear,50,activation_disjoint,0.0,1,0.12920673076923078,0.045201668984700974,-0.02115521649862253
PTC41540,original_pooled,0,proinflammatory_authors,0.06525606772849486,17,1.0,1.0,-0.11857284672277299
PTC41540,original_pooled,0,proregulatory_authors,-0.017900828607761994,17,1.0,1.0,-0.11857284672277299
PTC41540,original_pooled,0,activation_disjoint,-0.11857284672277299,17,1.0,1.0,-0.11857284672277299
PTC41540,common_state,5,proinflammatory_authors,-0.024978722727293946,4,0.1391304347826087,0.0942622950819672,-0.1497522267874023
PTC41540,common_state,5,proregulatory_authors,-0.06692151674360239,4,0.1391304347826087,0.0942622950819672,-0.1497522267874023
PTC41540,common_state,5,activation_disjoint,-0.1497522267874023,4,0.1391304347826087,0.0942622950819672,-0.1497522267874023
PTC41540,activation_overlap,5,proinflammatory_authors,-0.01743734573071304,3,0.07652173913043478,0.0273224043715847,-0.0736923926303768
PTC41540,activation_overlap,5,proregulatory_authors,0.011491734372533324,3,0.07652173913043478,0.0273224043715847,-0.0736923926303768
PTC41540,activation_overlap,5,activation_disjoint,-0.0736923926303768,3,0.07652173913043478,0.0273224043715847,-0.0736923926303768
PTC41540,activation_linear,5,proinflammatory_authors,0.008845661095994314,3,0.07652173913043478,0.0273224043715847,-0.0736923926303768
PTC41540,activation_linear,5,proregulatory_authors,0.01934957648492085,3,0.07652173913043478,0.0273224043715847,-0.0736923926303768
PTC41540,activation_linear,5,activation_disjoint,0.0,3,0.07652173913043478,0.0273224043715847,-0.0736923926303768
PTC85037,original_pooled,0,proinflammatory_authors,0.04827346434610006,19,1.0,1.0,-0.007110759543889733
PTC85037,original_pooled,0,proregulatory_authors,0.004680870629993363,19,1.0,1.0,-0.007110759543889733
PTC85037,original_pooled,0,activation_disjoint,-0.007110759543889733,19,1.0,1.0,-0.007110759543889733
PTC85037,common_state,5,proinflammatory_authors,0.03137707440787895,5,0.9507211538461539,0.6093333333333333,-0.11769655042444815
PTC85037,common_state,5,proregulatory_authors,-0.020507359985556618,5,0.9507211538461539,0.6093333333333333,-0.11769655042444815
PTC85037,common_state,5,activation_disjoint,-0.11769655042444815,5,0.9507211538461539,0.6093333333333333,-0.11769655042444815
PTC85037,activation_overlap,5,proinflammatory_authors,0.03934980638195843,4,0.7788461538461539,0.5093333333333333,-0.020219530175019547
PTC85037,activation_overlap,5,proregulatory_authors,0.017215372633675164,4,0.7788461538461539,0.5093333333333333,-0.020219530175019547
PTC85037,activation_overlap,5,activation_disjoint,-0.020219530175019547,4,0.7788461538461539,0.5093333333333333,-0.020219530175019547
PTC85037,activation_linear,5,proinflammatory_authors,0.04419888141893284,4,0.7788461538461539,0.5093333333333333,-0.020219530175019547
PTC85037,activation_linear,5,proregulatory_authors,0.02434195392199804,4,0.7788461538461539,0.5093333333333333,-0.020219530175019547
PTC85037,activation_linear,5,activation_disjoint,0.0,4,0.7788461538461539,0.5093333333333333,-0.020219530175019547
PTC85037,common_state,20,proinflammatory_authors,0.05168159865721088,2,0.8942307692307693,0.22266666666666668,-0.05923182666537627
PTC85037,common_state,20,proregulatory_authors,-0.0004483410146117646,2,0.8942307692307693,0.22266666666666668,-0.05923182666537627
PTC85037,common_state,20,activation_disjoint,-0.05923182666537627,2,0.8942307692307693,0.22266666666666668,-0.05923182666537627
PTC85037,activation_overlap,20,proinflammatory_authors,0.050676744032220784,2,0.7524038461538461,0.176,-0.009889462284239498
PTC85037,activation_overlap,20,proregulatory_authors,0.008121414389958573,2,0.7524038461538461,0.176,-0.009889462284239498
PTC85037,activation_overlap,20,activation_disjoint,-0.009889462284239498,2,0.7524038461538461,0.176,-0.009889462284239498
PTC85037,activation_linear,20,proinflammatory_authors,0.049025256520121074,2,0.7524038461538461,0.176,-0.009889462284239498
PTC85037,activation_linear,20,proregulatory_authors,0.010785541635963177,2,0.7524038461538461,0.176,-0.009889462284239498
PTC85037,activation_linear,20,activation_disjoint,0.0,2,0.7524038461538461,0.176,-0.009889462284239498
