donor,state,mode,floor,retained_csf,retained_blood,activation_gap,score,estimate,weight
MS19270,0,common_state,5,92,1434,0.0038708593335211594,proinflammatory_authors,0.03382784572339913,0.1419753086419753
MS19270,0,common_state,5,92,1434,0.0038708593335211594,proregulatory_authors,0.01208391371133843,0.1419753086419753
MS19270,0,common_state,5,92,1434,0.0038708593335211594,activation_disjoint,0.0038708593335211594,0.1419753086419753
MS19270,1,common_state,5,1058,362,-0.044622392426349536,proinflammatory_authors,0.03681677748969363,0.558641975308642
MS19270,1,common_state,5,1058,362,-0.044622392426349536,proregulatory_authors,-0.007555191019453414,0.558641975308642
MS19270,1,common_state,5,1058,362,-0.044622392426349536,activation_disjoint,-0.044622392426349536,0.558641975308642
MS19270,2,common_state,5,318,41,0.0494369650146395,proinflammatory_authors,0.07904962378144548,0.06327160493827161
MS19270,2,common_state,5,318,41,0.0494369650146395,proregulatory_authors,0.08691614316615738,0.06327160493827161
MS19270,2,common_state,5,318,41,0.0494369650146395,activation_disjoint,0.0494369650146395,0.06327160493827161
MS19270,6,common_state,5,852,32,-0.010711067621354459,proinflammatory_authors,0.06937715822558099,0.04938271604938271
MS19270,6,common_state,5,852,32,-0.010711067621354459,proregulatory_authors,0.043447797803298126,0.04938271604938271
MS19270,6,common_state,5,852,32,-0.010711067621354459,activation_disjoint,-0.010711067621354459,0.04938271604938271
MS19270,7,common_state,5,110,64,-0.10826404037355113,proinflammatory_authors,0.022114769460335235,0.09876543209876543
MS19270,7,common_state,5,110,64,-0.10826404037355113,proregulatory_authors,-0.038597366581988625,0.09876543209876543
MS19270,7,common_state,5,110,64,-0.10826404037355113,activation_disjoint,-0.10826404037355113,0.09876543209876543
MS19270,9,common_state,5,36,53,0.027128295697379467,proinflammatory_authors,0.04900748183595388,0.05555555555555555
MS19270,9,common_state,5,36,53,0.027128295697379467,proregulatory_authors,-0.006959135962840668,0.05555555555555555
MS19270,9,common_state,5,36,53,0.027128295697379467,activation_disjoint,0.027128295697379467,0.05555555555555555
MS19270,11,common_state,5,14,15,-0.11488491490476194,proinflammatory_authors,0.06499045473095234,0.021604938271604937
MS19270,11,common_state,5,14,15,-0.11488491490476194,proregulatory_authors,-0.013740255880000017,0.021604938271604937
MS19270,11,common_state,5,14,15,-0.11488491490476194,activation_disjoint,-0.11488491490476194,0.021604938271604937
MS19270,14,common_state,5,7,162,0.05887399472089948,proinflammatory_authors,0.032233859252292774,0.010802469135802469
MS19270,14,common_state,5,7,162,0.05887399472089948,proregulatory_authors,-0.013139072541507958,0.010802469135802469
MS19270,14,common_state,5,7,162,0.05887399472089948,activation_disjoint,0.05887399472089948,0.010802469135802469
MS19270,0,activation_overlap,5,87,1348,-0.0015052957806963585,proinflammatory_authors,0.029332699143256938,0.1564748201438849
MS19270,0,activation_overlap,5,87,1348,-0.0015052957806963585,proregulatory_authors,0.009281747635431511,0.1564748201438849
MS19270,0,activation_overlap,5,87,1348,-0.0015052957806963585,activation_disjoint,-0.0015052957806963585,0.1564748201438849
MS19270,1,activation_overlap,5,933,308,-0.02017828768380793,proinflammatory_authors,0.032510317451996076,0.5539568345323741
MS19270,1,activation_overlap,5,933,308,-0.02017828768380793,proregulatory_authors,-0.006114329277648484,0.5539568345323741
MS19270,1,activation_overlap,5,933,308,-0.02017828768380793,activation_disjoint,-0.02017828768380793,0.5539568345323741
MS19270,2,activation_overlap,5,275,37,0.029032344315315955,proinflammatory_authors,0.07876369729311075,0.06654676258992806
MS19270,2,activation_overlap,5,275,37,0.029032344315315955,proregulatory_authors,0.09600831199100933,0.06654676258992806
MS19270,2,activation_overlap,5,275,37,0.029032344315315955,activation_disjoint,0.029032344315315955,0.06654676258992806
MS19270,6,activation_overlap,5,765,28,-0.013313085353993115,proinflammatory_authors,0.07137739350157611,0.050359712230215826
MS19270,6,activation_overlap,5,765,28,-0.013313085353993115,proregulatory_authors,0.05031004361368814,0.050359712230215826
MS19270,6,activation_overlap,5,765,28,-0.013313085353993115,activation_disjoint,-0.013313085353993115,0.050359712230215826
MS19270,7,activation_overlap,5,93,54,-0.07954915815358424,proinflammatory_authors,0.012259094285884127,0.09712230215827339
MS19270,7,activation_overlap,5,93,54,-0.07954915815358424,proregulatory_authors,-0.028324284034767035,0.09712230215827339
MS19270,7,activation_overlap,5,93,54,-0.07954915815358424,activation_disjoint,-0.07954915815358424,0.09712230215827339
MS19270,9,activation_overlap,5,27,47,0.03317306073656422,proinflammatory_authors,0.024422752064381402,0.048561151079136694
MS19270,9,activation_overlap,5,27,47,0.03317306073656422,proregulatory_authors,-0.029822413925059105,0.048561151079136694
MS19270,9,activation_overlap,5,27,47,0.03317306073656422,activation_disjoint,0.03317306073656422,0.048561151079136694
MS19270,11,activation_overlap,5,12,10,-0.009177898166666754,proinflammatory_authors,0.1284586706,0.017985611510791366
MS19270,11,activation_overlap,5,12,10,-0.009177898166666754,proregulatory_authors,0.028093003929999978,0.017985611510791366
MS19270,11,activation_overlap,5,12,10,-0.009177898166666754,activation_disjoint,-0.009177898166666754,0.017985611510791366
MS19270,14,activation_overlap,5,5,44,0.021887150795454557,proinflammatory_authors,0.07539384375,0.008992805755395683
MS19270,14,activation_overlap,5,5,44,0.021887150795454557,proregulatory_authors,0.04485722298295454,0.008992805755395683
MS19270,14,activation_overlap,5,5,44,0.021887150795454557,activation_disjoint,0.021887150795454557,0.008992805755395683
MS19270,0,activation_linear,5,87,1348,-0.0015052957806963585,proinflammatory_authors,0.02940987623450061,0.1564748201438849
MS19270,0,activation_linear,5,87,1348,-0.0015052957806963585,proregulatory_authors,0.009189053040069992,0.1564748201438849
MS19270,0,activation_linear,5,87,1348,-0.0015052957806963585,activation_disjoint,0.0,0.1564748201438849
MS19270,1,activation_linear,5,933,308,-0.02017828768380793,proinflammatory_authors,0.03349630806555825,0.5539568345323741
MS19270,1,activation_linear,5,933,308,-0.02017828768380793,proregulatory_authors,-0.005421803505690079,0.5539568345323741
MS19270,1,activation_linear,5,933,308,-0.02017828768380793,activation_disjoint,0.0,0.5539568345323741
MS19270,2,activation_linear,5,275,37,0.029032344315315955,proinflammatory_authors,0.07412985127991309,0.06654676258992806
MS19270,2,activation_linear,5,275,37,0.029032344315315955,proregulatory_authors,0.08951735856636057,0.06654676258992806
MS19270,2,activation_linear,5,275,37,0.029032344315315955,activation_disjoint,0.0,0.06654676258992806
MS19270,6,activation_linear,5,765,28,-0.013313085353993115,proinflammatory_authors,0.07049442151118188,0.050359712230215826
MS19270,6,activation_linear,5,765,28,-0.013313085353993115,proregulatory_authors,0.05388913464402662,0.050359712230215826
MS19270,6,activation_linear,5,765,28,-0.013313085353993115,activation_disjoint,0.0,0.050359712230215826
MS19270,7,activation_linear,5,93,54,-0.07954915815358424,proinflammatory_authors,0.02324321065247882,0.09712230215827339
MS19270,7,activation_linear,5,93,54,-0.07954915815358424,proregulatory_authors,-0.024895926040270282,0.09712230215827339
MS19270,7,activation_linear,5,93,54,-0.07954915815358424,activation_disjoint,0.0,0.09712230215827339
MS19270,9,activation_linear,5,27,47,0.03317306073656422,proinflammatory_authors,0.020922587822250607,0.048561151079136694
MS19270,9,activation_linear,5,27,47,0.03317306073656422,proregulatory_authors,-0.03663501851308176,0.048561151079136694
MS19270,9,activation_linear,5,27,47,0.03317306073656422,activation_disjoint,0.0,0.048561151079136694
MS19270,11,activation_linear,5,12,10,-0.009177898166666754,proinflammatory_authors,0.12615785063526483,0.017985611510791366
MS19270,11,activation_linear,5,12,10,-0.009177898166666754,proregulatory_authors,0.0275440602797454,0.017985611510791366
MS19270,11,activation_linear,5,12,10,-0.009177898166666754,activation_disjoint,0.0,0.017985611510791366
MS19270,14,activation_linear,5,5,44,0.021887150795454557,proinflammatory_authors,0.09152258023386221,0.008992805755395683
MS19270,14,activation_linear,5,5,44,0.021887150795454557,proregulatory_authors,0.06353700850501495,0.008992805755395683
MS19270,14,activation_linear,5,5,44,0.021887150795454557,activation_disjoint,0.0,0.008992805755395683
MS19270,0,common_state,20,92,1434,0.0038708593335211594,proinflammatory_authors,0.03382784572339913,0.1467304625199362
MS19270,0,common_state,20,92,1434,0.0038708593335211594,proregulatory_authors,0.01208391371133843,0.1467304625199362
MS19270,0,common_state,20,92,1434,0.0038708593335211594,activation_disjoint,0.0038708593335211594,0.1467304625199362
MS19270,1,common_state,20,1058,362,-0.044622392426349536,proinflammatory_authors,0.03681677748969363,0.5773524720893142
MS19270,1,common_state,20,1058,362,-0.044622392426349536,proregulatory_authors,-0.007555191019453414,0.5773524720893142
MS19270,1,common_state,20,1058,362,-0.044622392426349536,activation_disjoint,-0.044622392426349536,0.5773524720893142
MS19270,2,common_state,20,318,41,0.0494369650146395,proinflammatory_authors,0.07904962378144548,0.06539074960127592
MS19270,2,common_state,20,318,41,0.0494369650146395,proregulatory_authors,0.08691614316615738,0.06539074960127592
MS19270,2,common_state,20,318,41,0.0494369650146395,activation_disjoint,0.0494369650146395,0.06539074960127592
MS19270,6,common_state,20,852,32,-0.010711067621354459,proinflammatory_authors,0.06937715822558099,0.051036682615629984
MS19270,6,common_state,20,852,32,-0.010711067621354459,proregulatory_authors,0.043447797803298126,0.051036682615629984
MS19270,6,common_state,20,852,32,-0.010711067621354459,activation_disjoint,-0.010711067621354459,0.051036682615629984
MS19270,7,common_state,20,110,64,-0.10826404037355113,proinflammatory_authors,0.022114769460335235,0.10207336523125997
MS19270,7,common_state,20,110,64,-0.10826404037355113,proregulatory_authors,-0.038597366581988625,0.10207336523125997
MS19270,7,common_state,20,110,64,-0.10826404037355113,activation_disjoint,-0.10826404037355113,0.10207336523125997
MS19270,9,common_state,20,36,53,0.027128295697379467,proinflammatory_authors,0.04900748183595388,0.05741626794258373
MS19270,9,common_state,20,36,53,0.027128295697379467,proregulatory_authors,-0.006959135962840668,0.05741626794258373
MS19270,9,common_state,20,36,53,0.027128295697379467,activation_disjoint,0.027128295697379467,0.05741626794258373
MS19270,0,activation_overlap,20,87,1348,-0.0015052957806963585,proinflammatory_authors,0.029332699143256938,0.16081330868761554
MS19270,0,activation_overlap,20,87,1348,-0.0015052957806963585,proregulatory_authors,0.009281747635431511,0.16081330868761554
MS19270,0,activation_overlap,20,87,1348,-0.0015052957806963585,activation_disjoint,-0.0015052957806963585,0.16081330868761554
MS19270,1,activation_overlap,20,933,308,-0.02017828768380793,proinflammatory_authors,0.032510317451996076,0.5693160813308688
MS19270,1,activation_overlap,20,933,308,-0.02017828768380793,proregulatory_authors,-0.006114329277648484,0.5693160813308688
MS19270,1,activation_overlap,20,933,308,-0.02017828768380793,activation_disjoint,-0.02017828768380793,0.5693160813308688
MS19270,2,activation_overlap,20,275,37,0.029032344315315955,proinflammatory_authors,0.07876369729311075,0.06839186691312385
MS19270,2,activation_overlap,20,275,37,0.029032344315315955,proregulatory_authors,0.09600831199100933,0.06839186691312385
MS19270,2,activation_overlap,20,275,37,0.029032344315315955,activation_disjoint,0.029032344315315955,0.06839186691312385
MS19270,6,activation_overlap,20,765,28,-0.013313085353993115,proinflammatory_authors,0.07137739350157611,0.051756007393715345
MS19270,6,activation_overlap,20,765,28,-0.013313085353993115,proregulatory_authors,0.05031004361368814,0.051756007393715345
MS19270,6,activation_overlap,20,765,28,-0.013313085353993115,activation_disjoint,-0.013313085353993115,0.051756007393715345
MS19270,7,activation_overlap,20,93,54,-0.07954915815358424,proinflammatory_authors,0.012259094285884127,0.09981515711645102
MS19270,7,activation_overlap,20,93,54,-0.07954915815358424,proregulatory_authors,-0.028324284034767035,0.09981515711645102
MS19270,7,activation_overlap,20,93,54,-0.07954915815358424,activation_disjoint,-0.07954915815358424,0.09981515711645102
MS19270,9,activation_overlap,20,27,47,0.03317306073656422,proinflammatory_authors,0.024422752064381402,0.04990757855822551
MS19270,9,activation_overlap,20,27,47,0.03317306073656422,proregulatory_authors,-0.029822413925059105,0.04990757855822551
MS19270,9,activation_overlap,20,27,47,0.03317306073656422,activation_disjoint,0.03317306073656422,0.04990757855822551
MS19270,0,activation_linear,20,87,1348,-0.0015052957806963585,proinflammatory_authors,0.02940987623450061,0.16081330868761554
MS19270,0,activation_linear,20,87,1348,-0.0015052957806963585,proregulatory_authors,0.009189053040069992,0.16081330868761554
MS19270,0,activation_linear,20,87,1348,-0.0015052957806963585,activation_disjoint,0.0,0.16081330868761554
MS19270,1,activation_linear,20,933,308,-0.02017828768380793,proinflammatory_authors,0.03349630806555825,0.5693160813308688
MS19270,1,activation_linear,20,933,308,-0.02017828768380793,proregulatory_authors,-0.005421803505690079,0.5693160813308688
MS19270,1,activation_linear,20,933,308,-0.02017828768380793,activation_disjoint,0.0,0.5693160813308688
MS19270,2,activation_linear,20,275,37,0.029032344315315955,proinflammatory_authors,0.07412985127991309,0.06839186691312385
MS19270,2,activation_linear,20,275,37,0.029032344315315955,proregulatory_authors,0.08951735856636057,0.06839186691312385
MS19270,2,activation_linear,20,275,37,0.029032344315315955,activation_disjoint,0.0,0.06839186691312385
MS19270,6,activation_linear,20,765,28,-0.013313085353993115,proinflammatory_authors,0.07049442151118188,0.051756007393715345
MS19270,6,activation_linear,20,765,28,-0.013313085353993115,proregulatory_authors,0.05388913464402662,0.051756007393715345
MS19270,6,activation_linear,20,765,28,-0.013313085353993115,activation_disjoint,0.0,0.051756007393715345
MS19270,7,activation_linear,20,93,54,-0.07954915815358424,proinflammatory_authors,0.02324321065247882,0.09981515711645102
MS19270,7,activation_linear,20,93,54,-0.07954915815358424,proregulatory_authors,-0.024895926040270282,0.09981515711645102
MS19270,7,activation_linear,20,93,54,-0.07954915815358424,activation_disjoint,0.0,0.09981515711645102
MS19270,9,activation_linear,20,27,47,0.03317306073656422,proinflammatory_authors,0.020922587822250607,0.04990757855822551
MS19270,9,activation_linear,20,27,47,0.03317306073656422,proregulatory_authors,-0.03663501851308176,0.04990757855822551
MS19270,9,activation_linear,20,27,47,0.03317306073656422,activation_disjoint,0.0,0.04990757855822551
MS19270,0,common_state,50,92,1434,0.0038708593335211594,proinflammatory_authors,0.03382784572339913,0.1776061776061776
MS19270,0,common_state,50,92,1434,0.0038708593335211594,proregulatory_authors,0.01208391371133843,0.1776061776061776
MS19270,0,common_state,50,92,1434,0.0038708593335211594,activation_disjoint,0.0038708593335211594,0.1776061776061776
MS19270,1,common_state,50,1058,362,-0.044622392426349536,proinflammatory_authors,0.03681677748969363,0.6988416988416989
MS19270,1,common_state,50,1058,362,-0.044622392426349536,proregulatory_authors,-0.007555191019453414,0.6988416988416989
MS19270,1,common_state,50,1058,362,-0.044622392426349536,activation_disjoint,-0.044622392426349536,0.6988416988416989
MS19270,7,common_state,50,110,64,-0.10826404037355113,proinflammatory_authors,0.022114769460335235,0.12355212355212356
MS19270,7,common_state,50,110,64,-0.10826404037355113,proregulatory_authors,-0.038597366581988625,0.12355212355212356
MS19270,7,common_state,50,110,64,-0.10826404037355113,activation_disjoint,-0.10826404037355113,0.12355212355212356
MS19270,0,activation_overlap,50,87,1348,-0.0015052957806963585,proinflammatory_authors,0.029332699143256938,0.19376391982182628
MS19270,0,activation_overlap,50,87,1348,-0.0015052957806963585,proregulatory_authors,0.009281747635431511,0.19376391982182628
MS19270,0,activation_overlap,50,87,1348,-0.0015052957806963585,activation_disjoint,-0.0015052957806963585,0.19376391982182628
MS19270,1,activation_overlap,50,933,308,-0.02017828768380793,proinflammatory_authors,0.032510317451996076,0.6859688195991092
MS19270,1,activation_overlap,50,933,308,-0.02017828768380793,proregulatory_authors,-0.006114329277648484,0.6859688195991092
MS19270,1,activation_overlap,50,933,308,-0.02017828768380793,activation_disjoint,-0.02017828768380793,0.6859688195991092
MS19270,7,activation_overlap,50,93,54,-0.07954915815358424,proinflammatory_authors,0.012259094285884127,0.12026726057906459
MS19270,7,activation_overlap,50,93,54,-0.07954915815358424,proregulatory_authors,-0.028324284034767035,0.12026726057906459
MS19270,7,activation_overlap,50,93,54,-0.07954915815358424,activation_disjoint,-0.07954915815358424,0.12026726057906459
MS19270,0,activation_linear,50,87,1348,-0.0015052957806963585,proinflammatory_authors,0.02940987623450061,0.19376391982182628
MS19270,0,activation_linear,50,87,1348,-0.0015052957806963585,proregulatory_authors,0.009189053040069992,0.19376391982182628
MS19270,0,activation_linear,50,87,1348,-0.0015052957806963585,activation_disjoint,0.0,0.19376391982182628
MS19270,1,activation_linear,50,933,308,-0.02017828768380793,proinflammatory_authors,0.03349630806555825,0.6859688195991092
MS19270,1,activation_linear,50,933,308,-0.02017828768380793,proregulatory_authors,-0.005421803505690079,0.6859688195991092
MS19270,1,activation_linear,50,933,308,-0.02017828768380793,activation_disjoint,0.0,0.6859688195991092
MS19270,7,activation_linear,50,93,54,-0.07954915815358424,proinflammatory_authors,0.02324321065247882,0.12026726057906459
MS19270,7,activation_linear,50,93,54,-0.07954915815358424,proregulatory_authors,-0.024895926040270282,0.12026726057906459
MS19270,7,activation_linear,50,93,54,-0.07954915815358424,activation_disjoint,0.0,0.12026726057906459
MS49131,0,common_state,5,36,111,0.07328947026126126,proinflammatory_authors,0.04100868533545044,0.07643312101910828
MS49131,0,common_state,5,36,111,0.07328947026126126,proregulatory_authors,-0.026062539222582587,0.07643312101910828
MS49131,0,common_state,5,36,111,0.07328947026126126,activation_disjoint,0.07328947026126126,0.07643312101910828
MS49131,1,common_state,5,257,792,0.028771588991868186,proinflammatory_authors,0.03868084009370109,0.5456475583864119
MS49131,1,common_state,5,257,792,0.028771588991868186,proregulatory_authors,0.0037076401780124224,0.5456475583864119
MS49131,1,common_state,5,257,792,0.028771588991868186,activation_disjoint,0.028771588991868186,0.5456475583864119
MS49131,2,common_state,5,175,69,-0.05085905260494408,proinflammatory_authors,0.027497561073625658,0.1464968152866242
MS49131,2,common_state,5,175,69,-0.05085905260494408,proregulatory_authors,0.05084486603318426,0.1464968152866242
MS49131,2,common_state,5,175,69,-0.05085905260494408,activation_disjoint,-0.05085905260494408,0.1464968152866242
MS49131,4,common_state,5,8,22,0.056941913090909096,proinflammatory_authors,0.08847561172727274,0.016985138004246284
MS49131,4,common_state,5,8,22,0.056941913090909096,proregulatory_authors,0.006076464881818181,0.016985138004246284
MS49131,4,common_state,5,8,22,0.056941913090909096,activation_disjoint,0.056941913090909096,0.016985138004246284
MS49131,7,common_state,5,178,96,0.08920960739558755,proinflammatory_authors,0.10108552842751638,0.20382165605095542
MS49131,7,common_state,5,178,96,0.08920960739558755,proregulatory_authors,0.019273642465507973,0.20382165605095542
MS49131,7,common_state,5,178,96,0.08920960739558755,activation_disjoint,0.08920960739558755,0.20382165605095542
MS49131,9,common_state,5,5,107,0.06653203287757009,proinflammatory_authors,0.011333973185981297,0.010615711252653927
MS49131,9,common_state,5,5,107,0.06653203287757009,proregulatory_authors,0.03429978260373831,0.010615711252653927
MS49131,9,common_state,5,5,107,0.06653203287757009,activation_disjoint,0.06653203287757009,0.010615711252653927
MS49131,0,activation_overlap,5,32,105,0.0426348914984524,proinflammatory_authors,0.038082042820244036,0.07804878048780488
MS49131,0,activation_overlap,5,32,105,0.0426348914984524,proregulatory_authors,-0.0047141538772261906,0.07804878048780488
MS49131,0,activation_overlap,5,32,105,0.0426348914984524,activation_disjoint,0.0426348914984524,0.07804878048780488
MS49131,1,activation_overlap,5,230,697,0.02808267008708451,proinflammatory_authors,0.037847188213498605,0.5609756097560976
MS49131,1,activation_overlap,5,230,697,0.02808267008708451,proregulatory_authors,0.008281257101892637,0.5609756097560976
MS49131,1,activation_overlap,5,230,697,0.02808267008708451,activation_disjoint,0.02808267008708451,0.5609756097560976
MS49131,2,activation_overlap,5,147,60,-0.0016041514831292535,proinflammatory_authors,0.03194267999622447,0.14634146341463414
MS49131,2,activation_overlap,5,147,60,-0.0016041514831292535,proregulatory_authors,0.07118633660136053,0.14634146341463414
MS49131,2,activation_overlap,5,147,60,-0.0016041514831292535,activation_disjoint,-0.0016041514831292535,0.14634146341463414
MS49131,4,activation_overlap,5,5,18,0.07061674286666667,proinflammatory_authors,0.11835203794444445,0.012195121951219513
MS49131,4,activation_overlap,5,5,18,0.07061674286666667,proregulatory_authors,-0.04670797652222222,0.012195121951219513
MS49131,4,activation_overlap,5,5,18,0.07061674286666667,activation_disjoint,0.07061674286666667,0.012195121951219513
MS49131,7,activation_overlap,5,148,83,0.030054733321214583,proinflammatory_authors,0.09105760635449367,0.20243902439024392
MS49131,7,activation_overlap,5,148,83,0.030054733321214583,proregulatory_authors,0.007467669670237709,0.20243902439024392
MS49131,7,activation_overlap,5,148,83,0.030054733321214583,activation_disjoint,0.030054733321214583,0.20243902439024392
MS49131,0,activation_linear,5,32,105,0.0426348914984524,proinflammatory_authors,0.03915898009335229,0.07804878048780488
MS49131,0,activation_linear,5,32,105,0.0426348914984524,proregulatory_authors,-0.01777499464547029,0.07804878048780488
MS49131,0,activation_linear,5,32,105,0.0426348914984524,activation_disjoint,0.0,0.07804878048780488
MS49131,1,activation_linear,5,230,697,0.02808267008708451,proinflammatory_authors,0.037195821196127174,0.5609756097560976
MS49131,1,activation_linear,5,230,697,0.02808267008708451,proregulatory_authors,0.007878561196333162,0.5609756097560976
MS49131,1,activation_linear,5,230,697,0.02808267008708451,activation_disjoint,0.0,0.5609756097560976
MS49131,2,activation_linear,5,147,60,-0.0016041514831292535,proinflammatory_authors,0.03203208923524563,0.14634146341463414
MS49131,2,activation_linear,5,147,60,-0.0016041514831292535,proregulatory_authors,0.07121496911821715,0.14634146341463414
MS49131,2,activation_linear,5,147,60,-0.0016041514831292535,activation_disjoint,0.0,0.14634146341463414
MS49131,4,activation_linear,5,5,18,0.07061674286666667,proinflammatory_authors,0.10164749132472159,0.012195121951219513
MS49131,4,activation_linear,5,5,18,0.07061674286666667,proregulatory_authors,-0.040128547916734335,0.012195121951219513
MS49131,4,activation_linear,5,5,18,0.07061674286666667,activation_disjoint,0.0,0.012195121951219513
MS49131,7,activation_linear,5,148,83,0.030054733321214583,proinflammatory_authors,0.08829618731622683,0.20243902439024392
MS49131,7,activation_linear,5,148,83,0.030054733321214583,proregulatory_authors,0.006645302063440587,0.20243902439024392
MS49131,7,activation_linear,5,148,83,0.030054733321214583,activation_disjoint,0.0,0.20243902439024392
MS49131,0,common_state,20,36,111,0.07328947026126126,proinflammatory_authors,0.04100868533545044,0.07860262008733625
MS49131,0,common_state,20,36,111,0.07328947026126126,proregulatory_authors,-0.026062539222582587,0.07860262008733625
MS49131,0,common_state,20,36,111,0.07328947026126126,activation_disjoint,0.07328947026126126,0.07860262008733625
MS49131,1,common_state,20,257,792,0.028771588991868186,proinflammatory_authors,0.03868084009370109,0.5611353711790393
MS49131,1,common_state,20,257,792,0.028771588991868186,proregulatory_authors,0.0037076401780124224,0.5611353711790393
MS49131,1,common_state,20,257,792,0.028771588991868186,activation_disjoint,0.028771588991868186,0.5611353711790393
MS49131,2,common_state,20,175,69,-0.05085905260494408,proinflammatory_authors,0.027497561073625658,0.15065502183406113
MS49131,2,common_state,20,175,69,-0.05085905260494408,proregulatory_authors,0.05084486603318426,0.15065502183406113
MS49131,2,common_state,20,175,69,-0.05085905260494408,activation_disjoint,-0.05085905260494408,0.15065502183406113
MS49131,7,common_state,20,178,96,0.08920960739558755,proinflammatory_authors,0.10108552842751638,0.2096069868995633
MS49131,7,common_state,20,178,96,0.08920960739558755,proregulatory_authors,0.019273642465507973,0.2096069868995633
MS49131,7,common_state,20,178,96,0.08920960739558755,activation_disjoint,0.08920960739558755,0.2096069868995633
MS49131,0,activation_overlap,20,32,105,0.0426348914984524,proinflammatory_authors,0.038082042820244036,0.07901234567901234
MS49131,0,activation_overlap,20,32,105,0.0426348914984524,proregulatory_authors,-0.0047141538772261906,0.07901234567901234
MS49131,0,activation_overlap,20,32,105,0.0426348914984524,activation_disjoint,0.0426348914984524,0.07901234567901234
MS49131,1,activation_overlap,20,230,697,0.02808267008708451,proinflammatory_authors,0.037847188213498605,0.5679012345679012
MS49131,1,activation_overlap,20,230,697,0.02808267008708451,proregulatory_authors,0.008281257101892637,0.5679012345679012
MS49131,1,activation_overlap,20,230,697,0.02808267008708451,activation_disjoint,0.02808267008708451,0.5679012345679012
MS49131,2,activation_overlap,20,147,60,-0.0016041514831292535,proinflammatory_authors,0.03194267999622447,0.14814814814814814
MS49131,2,activation_overlap,20,147,60,-0.0016041514831292535,proregulatory_authors,0.07118633660136053,0.14814814814814814
MS49131,2,activation_overlap,20,147,60,-0.0016041514831292535,activation_disjoint,-0.0016041514831292535,0.14814814814814814
MS49131,7,activation_overlap,20,148,83,0.030054733321214583,proinflammatory_authors,0.09105760635449367,0.20493827160493827
MS49131,7,activation_overlap,20,148,83,0.030054733321214583,proregulatory_authors,0.007467669670237709,0.20493827160493827
MS49131,7,activation_overlap,20,148,83,0.030054733321214583,activation_disjoint,0.030054733321214583,0.20493827160493827
MS49131,0,activation_linear,20,32,105,0.0426348914984524,proinflammatory_authors,0.03915898009335229,0.07901234567901234
MS49131,0,activation_linear,20,32,105,0.0426348914984524,proregulatory_authors,-0.01777499464547029,0.07901234567901234
MS49131,0,activation_linear,20,32,105,0.0426348914984524,activation_disjoint,0.0,0.07901234567901234
MS49131,1,activation_linear,20,230,697,0.02808267008708451,proinflammatory_authors,0.037195821196127174,0.5679012345679012
MS49131,1,activation_linear,20,230,697,0.02808267008708451,proregulatory_authors,0.007878561196333162,0.5679012345679012
MS49131,1,activation_linear,20,230,697,0.02808267008708451,activation_disjoint,0.0,0.5679012345679012
MS49131,2,activation_linear,20,147,60,-0.0016041514831292535,proinflammatory_authors,0.03203208923524563,0.14814814814814814
MS49131,2,activation_linear,20,147,60,-0.0016041514831292535,proregulatory_authors,0.07121496911821715,0.14814814814814814
MS49131,2,activation_linear,20,147,60,-0.0016041514831292535,activation_disjoint,0.0,0.14814814814814814
MS49131,7,activation_linear,20,148,83,0.030054733321214583,proinflammatory_authors,0.08829618731622683,0.20493827160493827
MS49131,7,activation_linear,20,148,83,0.030054733321214583,proregulatory_authors,0.006645302063440587,0.20493827160493827
MS49131,7,activation_linear,20,148,83,0.030054733321214583,activation_disjoint,0.0,0.20493827160493827
MS49131,1,common_state,50,257,792,0.028771588991868186,proinflammatory_authors,0.03868084009370109,0.6090047393364929
MS49131,1,common_state,50,257,792,0.028771588991868186,proregulatory_authors,0.0037076401780124224,0.6090047393364929
MS49131,1,common_state,50,257,792,0.028771588991868186,activation_disjoint,0.028771588991868186,0.6090047393364929
MS49131,2,common_state,50,175,69,-0.05085905260494408,proinflammatory_authors,0.027497561073625658,0.16350710900473933
MS49131,2,common_state,50,175,69,-0.05085905260494408,proregulatory_authors,0.05084486603318426,0.16350710900473933
MS49131,2,common_state,50,175,69,-0.05085905260494408,activation_disjoint,-0.05085905260494408,0.16350710900473933
MS49131,7,common_state,50,178,96,0.08920960739558755,proinflammatory_authors,0.10108552842751638,0.22748815165876776
MS49131,7,common_state,50,178,96,0.08920960739558755,proregulatory_authors,0.019273642465507973,0.22748815165876776
MS49131,7,common_state,50,178,96,0.08920960739558755,activation_disjoint,0.08920960739558755,0.22748815165876776
MS49131,1,activation_overlap,50,230,697,0.02808267008708451,proinflammatory_authors,0.037847188213498605,0.6166219839142091
MS49131,1,activation_overlap,50,230,697,0.02808267008708451,proregulatory_authors,0.008281257101892637,0.6166219839142091
MS49131,1,activation_overlap,50,230,697,0.02808267008708451,activation_disjoint,0.02808267008708451,0.6166219839142091
MS49131,2,activation_overlap,50,147,60,-0.0016041514831292535,proinflammatory_authors,0.03194267999622447,0.16085790884718498
MS49131,2,activation_overlap,50,147,60,-0.0016041514831292535,proregulatory_authors,0.07118633660136053,0.16085790884718498
MS49131,2,activation_overlap,50,147,60,-0.0016041514831292535,activation_disjoint,-0.0016041514831292535,0.16085790884718498
MS49131,7,activation_overlap,50,148,83,0.030054733321214583,proinflammatory_authors,0.09105760635449367,0.2225201072386059
MS49131,7,activation_overlap,50,148,83,0.030054733321214583,proregulatory_authors,0.007467669670237709,0.2225201072386059
MS49131,7,activation_overlap,50,148,83,0.030054733321214583,activation_disjoint,0.030054733321214583,0.2225201072386059
MS49131,1,activation_linear,50,230,697,0.02808267008708451,proinflammatory_authors,0.037195821196127174,0.6166219839142091
MS49131,1,activation_linear,50,230,697,0.02808267008708451,proregulatory_authors,0.007878561196333162,0.6166219839142091
MS49131,1,activation_linear,50,230,697,0.02808267008708451,activation_disjoint,0.0,0.6166219839142091
MS49131,2,activation_linear,50,147,60,-0.0016041514831292535,proinflammatory_authors,0.03203208923524563,0.16085790884718498
MS49131,2,activation_linear,50,147,60,-0.0016041514831292535,proregulatory_authors,0.07121496911821715,0.16085790884718498
MS49131,2,activation_linear,50,147,60,-0.0016041514831292535,activation_disjoint,0.0,0.16085790884718498
MS49131,7,activation_linear,50,148,83,0.030054733321214583,proinflammatory_authors,0.08829618731622683,0.2225201072386059
MS49131,7,activation_linear,50,148,83,0.030054733321214583,proregulatory_authors,0.006645302063440587,0.2225201072386059
MS49131,7,activation_linear,50,148,83,0.030054733321214583,activation_disjoint,0.0,0.2225201072386059
MS60249,11,common_state,5,26,13,0.4766910250000001,proinflammatory_authors,0.15682196016153843,0.5909090909090909
MS60249,11,common_state,5,26,13,0.4766910250000001,proregulatory_authors,-0.04738547149999997,0.5909090909090909
MS60249,11,common_state,5,26,13,0.4766910250000001,activation_disjoint,0.4766910250000001,0.5909090909090909
MS60249,17,common_state,5,4195,9,0.06503750078721958,proinflammatory_authors,-0.0473930645082118,0.4090909090909091
MS60249,17,common_state,5,4195,9,0.06503750078721958,proregulatory_authors,0.12256648279939994,0.4090909090909091
MS60249,17,common_state,5,4195,9,0.06503750078721958,activation_disjoint,0.06503750078721958,0.4090909090909091
MS60249,17,activation_overlap,5,2032,7,-0.06549479251132417,proinflammatory_authors,-0.08568624055372567,1.0
MS60249,17,activation_overlap,5,2032,7,-0.06549479251132417,proregulatory_authors,0.10915623490075893,1.0
MS60249,17,activation_overlap,5,2032,7,-0.06549479251132417,activation_disjoint,-0.06549479251132417,1.0
MS60249,17,activation_linear,5,2032,7,-0.06549479251132417,proinflammatory_authors,-0.09689631983671398,1.0
MS60249,17,activation_linear,5,2032,7,-0.06549479251132417,proregulatory_authors,0.10525692245341323,1.0
MS60249,17,activation_linear,5,2032,7,-0.06549479251132417,activation_disjoint,0.0,1.0
MS71658,1,common_state,5,34,34,0.003974614587058833,proinflammatory_authors,-0.016508787147058834,0.5230769230769231
MS71658,1,common_state,5,34,34,0.003974614587058833,proregulatory_authors,-0.05328987293117647,0.5230769230769231
MS71658,1,common_state,5,34,34,0.003974614587058833,activation_disjoint,0.003974614587058833,0.5230769230769231
MS71658,7,common_state,5,60,25,-0.048488722503333345,proinflammatory_authors,-0.005186639820000005,0.38461538461538464
MS71658,7,common_state,5,60,25,-0.048488722503333345,proregulatory_authors,-0.1445063930526,0.38461538461538464
MS71658,7,common_state,5,60,25,-0.048488722503333345,activation_disjoint,-0.048488722503333345,0.38461538461538464
MS71658,9,common_state,5,6,15,0.10370141466666669,proinflammatory_authors,0.017055853599999997,0.09230769230769231
MS71658,9,common_state,5,6,15,0.10370141466666669,proregulatory_authors,-0.01198165633333334,0.09230769230769231
MS71658,9,common_state,5,6,15,0.10370141466666669,activation_disjoint,0.10370141466666669,0.09230769230769231
MS71658,1,activation_overlap,5,29,29,0.017563380550344815,proinflammatory_authors,-0.028787359068965512,0.58
MS71658,1,activation_overlap,5,29,29,0.017563380550344815,proregulatory_authors,-0.046670984608965516,0.58
MS71658,1,activation_overlap,5,29,29,0.017563380550344815,activation_disjoint,0.017563380550344815,0.58
MS71658,7,activation_overlap,5,50,21,-0.07348574993771428,proinflammatory_authors,-0.02003662526990476,0.42
MS71658,7,activation_overlap,5,50,21,-0.07348574993771428,proregulatory_authors,-0.13852476552638093,0.42
MS71658,7,activation_overlap,5,50,21,-0.07348574993771428,activation_disjoint,-0.07348574993771428,0.42
MS71658,1,activation_linear,5,29,29,0.017563380550344815,proinflammatory_authors,-0.028701165332410225,0.58
MS71658,1,activation_linear,5,29,29,0.017563380550344815,proregulatory_authors,-0.055288807068779304,0.58
MS71658,1,activation_linear,5,29,29,0.017563380550344815,activation_disjoint,0.0,0.58
MS71658,7,activation_linear,5,50,21,-0.07348574993771428,proinflammatory_authors,-0.006821815338435931,0.42
MS71658,7,activation_linear,5,50,21,-0.07348574993771428,proregulatory_authors,-0.1281867149248952,0.42
MS71658,7,activation_linear,5,50,21,-0.07348574993771428,activation_disjoint,0.0,0.42
MS71658,1,common_state,20,34,34,0.003974614587058833,proinflammatory_authors,-0.016508787147058834,0.576271186440678
MS71658,1,common_state,20,34,34,0.003974614587058833,proregulatory_authors,-0.05328987293117647,0.576271186440678
MS71658,1,common_state,20,34,34,0.003974614587058833,activation_disjoint,0.003974614587058833,0.576271186440678
MS71658,7,common_state,20,60,25,-0.048488722503333345,proinflammatory_authors,-0.005186639820000005,0.423728813559322
MS71658,7,common_state,20,60,25,-0.048488722503333345,proregulatory_authors,-0.1445063930526,0.423728813559322
MS71658,7,common_state,20,60,25,-0.048488722503333345,activation_disjoint,-0.048488722503333345,0.423728813559322
MS71658,1,activation_overlap,20,29,29,0.017563380550344815,proinflammatory_authors,-0.028787359068965512,0.58
MS71658,1,activation_overlap,20,29,29,0.017563380550344815,proregulatory_authors,-0.046670984608965516,0.58
MS71658,1,activation_overlap,20,29,29,0.017563380550344815,activation_disjoint,0.017563380550344815,0.58
MS71658,7,activation_overlap,20,50,21,-0.07348574993771428,proinflammatory_authors,-0.02003662526990476,0.42
MS71658,7,activation_overlap,20,50,21,-0.07348574993771428,proregulatory_authors,-0.13852476552638093,0.42
MS71658,7,activation_overlap,20,50,21,-0.07348574993771428,activation_disjoint,-0.07348574993771428,0.42
MS71658,1,activation_linear,20,29,29,0.017563380550344815,proinflammatory_authors,-0.028701165332410225,0.58
MS71658,1,activation_linear,20,29,29,0.017563380550344815,proregulatory_authors,-0.055288807068779304,0.58
MS71658,1,activation_linear,20,29,29,0.017563380550344815,activation_disjoint,0.0,0.58
MS71658,7,activation_linear,20,50,21,-0.07348574993771428,proinflammatory_authors,-0.006821815338435931,0.42
MS71658,7,activation_linear,20,50,21,-0.07348574993771428,proregulatory_authors,-0.1281867149248952,0.42
MS71658,7,activation_linear,20,50,21,-0.07348574993771428,activation_disjoint,0.0,0.42
MS74594,1,common_state,5,8,50,0.048081480624,proinflammatory_authors,0.030069207933399997,0.01616161616161616
MS74594,1,common_state,5,8,50,0.048081480624,proregulatory_authors,0.06972136236750001,0.01616161616161616
MS74594,1,common_state,5,8,50,0.048081480624,activation_disjoint,0.048081480624,0.01616161616161616
MS74594,2,common_state,5,44,52,0.02027831377692308,proinflammatory_authors,0.029300700190611886,0.08888888888888889
MS74594,2,common_state,5,44,52,0.02027831377692308,proregulatory_authors,0.14170733171503497,0.08888888888888889
MS74594,2,common_state,5,44,52,0.02027831377692308,activation_disjoint,0.02027831377692308,0.08888888888888889
MS74594,4,common_state,5,388,1020,0.0759203683157067,proinflammatory_authors,0.031598604463793006,0.7838383838383839
MS74594,4,common_state,5,388,1020,0.0759203683157067,proregulatory_authors,0.05212097438207227,0.7838383838383839
MS74594,4,common_state,5,388,1020,0.0759203683157067,activation_disjoint,0.0759203683157067,0.7838383838383839
MS74594,7,common_state,5,29,124,-0.023493073232897677,proinflammatory_authors,-0.013859033122217757,0.05858585858585859
MS74594,7,common_state,5,29,124,-0.023493073232897677,proregulatory_authors,0.021592190680728582,0.05858585858585859
MS74594,7,common_state,5,29,124,-0.023493073232897677,activation_disjoint,-0.023493073232897677,0.05858585858585859
MS74594,20,common_state,5,26,1442,0.08144260922286084,proinflammatory_authors,0.0053397195308161685,0.052525252525252523
MS74594,20,common_state,5,26,1442,0.08144260922286084,proregulatory_authors,0.10819183611124976,0.052525252525252523
MS74594,20,common_state,5,26,1442,0.08144260922286084,activation_disjoint,0.08144260922286084,0.052525252525252523
MS74594,1,activation_overlap,5,6,32,0.06647515311562499,proinflammatory_authors,0.005485765804791671,0.014563106796116505
MS74594,1,activation_overlap,5,6,32,0.06647515311562499,proregulatory_authors,-0.09595429470208332,0.014563106796116505
MS74594,1,activation_overlap,5,6,32,0.06647515311562499,activation_disjoint,0.06647515311562499,0.014563106796116505
MS74594,2,activation_overlap,5,34,46,0.0049783915432225,proinflammatory_authors,0.008660292486457777,0.0825242718446602
MS74594,2,activation_overlap,5,34,46,0.0049783915432225,proregulatory_authors,0.1726472177058824,0.0825242718446602
MS74594,2,activation_overlap,5,34,46,0.0049783915432225,activation_disjoint,0.0049783915432225,0.0825242718446602
MS74594,4,activation_overlap,5,328,840,0.03497787529971428,proinflammatory_authors,0.023414259520806904,0.7961165048543689
MS74594,4,activation_overlap,5,328,840,0.03497787529971428,proregulatory_authors,0.043538976640405055,0.7961165048543689
MS74594,4,activation_overlap,5,328,840,0.03497787529971428,activation_disjoint,0.03497787529971428,0.7961165048543689
MS74594,7,activation_overlap,5,25,89,-0.021714777558831465,proinflammatory_authors,-0.04085492385747191,0.06067961165048544
MS74594,7,activation_overlap,5,25,89,-0.021714777558831465,proregulatory_authors,0.05360651239559551,0.06067961165048544
MS74594,7,activation_overlap,5,25,89,-0.021714777558831465,activation_disjoint,-0.021714777558831465,0.06067961165048544
MS74594,20,activation_overlap,5,19,1256,0.03639231190660616,proinflammatory_authors,0.01659617347305732,0.04611650485436893
MS74594,20,activation_overlap,5,19,1256,0.03639231190660616,proregulatory_authors,0.10737924823313129,0.04611650485436893
MS74594,20,activation_overlap,5,19,1256,0.03639231190660616,activation_disjoint,0.03639231190660616,0.04611650485436893
MS74594,1,activation_linear,5,6,32,0.06647515311562499,proinflammatory_authors,-0.011007806802737979,0.014563106796116505
MS74594,1,activation_linear,5,6,32,0.06647515311562499,proregulatory_authors,-0.0778245035290613,0.014563106796116505
MS74594,1,activation_linear,5,6,32,0.06647515311562499,activation_disjoint,0.0,0.014563106796116505
MS74594,2,activation_linear,5,34,46,0.0049783915432225,proinflammatory_authors,0.009051504875048869,0.0825242718446602
MS74594,2,activation_linear,5,34,46,0.0049783915432225,proregulatory_authors,0.1712862486398831,0.0825242718446602
MS74594,2,activation_linear,5,34,46,0.0049783915432225,activation_disjoint,0.0,0.0825242718446602
MS74594,4,activation_linear,5,328,840,0.03497787529971428,proinflammatory_authors,0.017809644185410093,0.7961165048543689
MS74594,4,activation_linear,5,328,840,0.03497787529971428,proregulatory_authors,0.04138239488938736,0.7961165048543689
MS74594,4,activation_linear,5,328,840,0.03497787529971428,activation_disjoint,0.0,0.7961165048543689
MS74594,7,activation_linear,5,25,89,-0.021714777558831465,proinflammatory_authors,-0.03886235588220749,0.06067961165048544
MS74594,7,activation_linear,5,25,89,-0.021714777558831465,proregulatory_authors,0.06140838186839693,0.06067961165048544
MS74594,7,activation_linear,5,25,89,-0.021714777558831465,activation_disjoint,0.0,0.06067961165048544
MS74594,20,activation_linear,5,19,1256,0.03639231190660616,proinflammatory_authors,0.02035163948411495,0.04611650485436893
MS74594,20,activation_linear,5,19,1256,0.03639231190660616,proregulatory_authors,0.10814249467988489,0.04611650485436893
MS74594,20,activation_linear,5,19,1256,0.03639231190660616,activation_disjoint,0.0,0.04611650485436893
MS74594,2,common_state,20,44,52,0.02027831377692308,proinflammatory_authors,0.029300700190611886,0.09034907597535935
MS74594,2,common_state,20,44,52,0.02027831377692308,proregulatory_authors,0.14170733171503497,0.09034907597535935
MS74594,2,common_state,20,44,52,0.02027831377692308,activation_disjoint,0.02027831377692308,0.09034907597535935
MS74594,4,common_state,20,388,1020,0.0759203683157067,proinflammatory_authors,0.031598604463793006,0.7967145790554415
MS74594,4,common_state,20,388,1020,0.0759203683157067,proregulatory_authors,0.05212097438207227,0.7967145790554415
MS74594,4,common_state,20,388,1020,0.0759203683157067,activation_disjoint,0.0759203683157067,0.7967145790554415
MS74594,7,common_state,20,29,124,-0.023493073232897677,proinflammatory_authors,-0.013859033122217757,0.059548254620123205
MS74594,7,common_state,20,29,124,-0.023493073232897677,proregulatory_authors,0.021592190680728582,0.059548254620123205
MS74594,7,common_state,20,29,124,-0.023493073232897677,activation_disjoint,-0.023493073232897677,0.059548254620123205
MS74594,20,common_state,20,26,1442,0.08144260922286084,proinflammatory_authors,0.0053397195308161685,0.053388090349075976
MS74594,20,common_state,20,26,1442,0.08144260922286084,proregulatory_authors,0.10819183611124976,0.053388090349075976
MS74594,20,common_state,20,26,1442,0.08144260922286084,activation_disjoint,0.08144260922286084,0.053388090349075976
MS74594,2,activation_overlap,20,34,46,0.0049783915432225,proinflammatory_authors,0.008660292486457777,0.08785529715762273
MS74594,2,activation_overlap,20,34,46,0.0049783915432225,proregulatory_authors,0.1726472177058824,0.08785529715762273
MS74594,2,activation_overlap,20,34,46,0.0049783915432225,activation_disjoint,0.0049783915432225,0.08785529715762273
MS74594,4,activation_overlap,20,328,840,0.03497787529971428,proinflammatory_authors,0.023414259520806904,0.8475452196382429
MS74594,4,activation_overlap,20,328,840,0.03497787529971428,proregulatory_authors,0.043538976640405055,0.8475452196382429
MS74594,4,activation_overlap,20,328,840,0.03497787529971428,activation_disjoint,0.03497787529971428,0.8475452196382429
MS74594,7,activation_overlap,20,25,89,-0.021714777558831465,proinflammatory_authors,-0.04085492385747191,0.06459948320413436
MS74594,7,activation_overlap,20,25,89,-0.021714777558831465,proregulatory_authors,0.05360651239559551,0.06459948320413436
MS74594,7,activation_overlap,20,25,89,-0.021714777558831465,activation_disjoint,-0.021714777558831465,0.06459948320413436
MS74594,2,activation_linear,20,34,46,0.0049783915432225,proinflammatory_authors,0.009051504875048869,0.08785529715762273
MS74594,2,activation_linear,20,34,46,0.0049783915432225,proregulatory_authors,0.1712862486398831,0.08785529715762273
MS74594,2,activation_linear,20,34,46,0.0049783915432225,activation_disjoint,0.0,0.08785529715762273
MS74594,4,activation_linear,20,328,840,0.03497787529971428,proinflammatory_authors,0.017809644185410093,0.8475452196382429
MS74594,4,activation_linear,20,328,840,0.03497787529971428,proregulatory_authors,0.04138239488938736,0.8475452196382429
MS74594,4,activation_linear,20,328,840,0.03497787529971428,activation_disjoint,0.0,0.8475452196382429
MS74594,7,activation_linear,20,25,89,-0.021714777558831465,proinflammatory_authors,-0.03886235588220749,0.06459948320413436
MS74594,7,activation_linear,20,25,89,-0.021714777558831465,proregulatory_authors,0.06140838186839693,0.06459948320413436
MS74594,7,activation_linear,20,25,89,-0.021714777558831465,activation_disjoint,0.0,0.06459948320413436
MS74594,4,common_state,50,388,1020,0.0759203683157067,proinflammatory_authors,0.031598604463793006,1.0
MS74594,4,common_state,50,388,1020,0.0759203683157067,proregulatory_authors,0.05212097438207227,1.0
MS74594,4,common_state,50,388,1020,0.0759203683157067,activation_disjoint,0.0759203683157067,1.0
MS74594,4,activation_overlap,50,328,840,0.03497787529971428,proinflammatory_authors,0.023414259520806904,1.0
MS74594,4,activation_overlap,50,328,840,0.03497787529971428,proregulatory_authors,0.043538976640405055,1.0
MS74594,4,activation_overlap,50,328,840,0.03497787529971428,activation_disjoint,0.03497787529971428,1.0
MS74594,4,activation_linear,50,328,840,0.03497787529971428,proinflammatory_authors,0.017809644185410093,1.0
MS74594,4,activation_linear,50,328,840,0.03497787529971428,proregulatory_authors,0.04138239488938736,1.0
MS74594,4,activation_linear,50,328,840,0.03497787529971428,activation_disjoint,0.0,1.0
PST83775,2,common_state,5,76,12,0.021495307809210523,proinflammatory_authors,0.030111978277192974,0.14634146341463414
PST83775,2,common_state,5,76,12,0.021495307809210523,proregulatory_authors,-0.13694436147982453,0.14634146341463414
PST83775,2,common_state,5,76,12,0.021495307809210523,activation_disjoint,0.021495307809210523,0.14634146341463414
PST83775,7,common_state,5,22,55,-0.10185400879545453,proinflammatory_authors,0.0014541227136363605,0.2682926829268293
PST83775,7,common_state,5,22,55,-0.10185400879545453,proregulatory_authors,-0.06633436440090912,0.2682926829268293
PST83775,7,common_state,5,22,55,-0.10185400879545453,activation_disjoint,-0.10185400879545453,0.2682926829268293
PST83775,9,common_state,5,28,67,-0.2254619477388593,proinflammatory_authors,0.06670564331807033,0.34146341463414637
PST83775,9,common_state,5,28,67,-0.2254619477388593,proregulatory_authors,0.130869367243145,0.34146341463414637
PST83775,9,common_state,5,28,67,-0.2254619477388593,activation_disjoint,-0.2254619477388593,0.34146341463414637
PST83775,10,common_state,5,6,24,0.1966358382083333,proinflammatory_authors,0.09009318222083333,0.07317073170731707
PST83775,10,common_state,5,6,24,0.1966358382083333,proregulatory_authors,0.09795367304166668,0.07317073170731707
PST83775,10,common_state,5,6,24,0.1966358382083333,activation_disjoint,0.1966358382083333,0.07317073170731707
PST83775,15,common_state,5,14,1229,-0.039677548152262015,proinflammatory_authors,0.007051201115478318,0.17073170731707318
PST83775,15,common_state,5,14,1229,-0.039677548152262015,proregulatory_authors,0.014352077384739039,0.17073170731707318
PST83775,15,common_state,5,14,1229,-0.039677548152262015,activation_disjoint,-0.039677548152262015,0.17073170731707318
PST83775,2,activation_overlap,5,65,10,0.07034993353076924,proinflammatory_authors,0.09761559669846157,0.17857142857142858
PST83775,2,activation_overlap,5,65,10,0.07034993353076924,proregulatory_authors,-0.11951939141230769,0.17857142857142858
PST83775,2,activation_overlap,5,65,10,0.07034993353076924,activation_disjoint,0.07034993353076924,0.17857142857142858
PST83775,7,activation_overlap,5,18,42,-0.012691105767460308,proinflammatory_authors,0.011745991306349218,0.32142857142857145
PST83775,7,activation_overlap,5,18,42,-0.012691105767460308,proregulatory_authors,-0.0517508121,0.32142857142857145
PST83775,7,activation_overlap,5,18,42,-0.012691105767460308,activation_disjoint,-0.012691105767460308,0.32142857142857145
PST83775,9,activation_overlap,5,16,48,-0.06232903105208333,proinflammatory_authors,0.10617143271041665,0.2857142857142857
PST83775,9,activation_overlap,5,16,48,-0.06232903105208333,proregulatory_authors,0.16647545292916668,0.2857142857142857
PST83775,9,activation_overlap,5,16,48,-0.06232903105208333,activation_disjoint,-0.06232903105208333,0.2857142857142857
PST83775,15,activation_overlap,5,12,1075,-0.02925060314314419,proinflammatory_authors,-0.012819511278080613,0.21428571428571427
PST83775,15,activation_overlap,5,12,1075,-0.02925060314314419,proregulatory_authors,0.0199320529150434,0.21428571428571427
PST83775,15,activation_overlap,5,12,1075,-0.02925060314314419,activation_disjoint,-0.02925060314314419,0.21428571428571427
PST83775,2,activation_linear,5,65,10,0.07034993353076924,proinflammatory_authors,0.10758462917254899,0.17857142857142858
PST83775,2,activation_linear,5,65,10,0.07034993353076924,proregulatory_authors,-0.14526645153449533,0.17857142857142858
PST83775,2,activation_linear,5,65,10,0.07034993353076924,activation_disjoint,0.0,0.17857142857142858
PST83775,7,activation_linear,5,18,42,-0.012691105767460308,proinflammatory_authors,0.013321653930229545,0.32142857142857145
PST83775,7,activation_linear,5,18,42,-0.012691105767460308,proregulatory_authors,-0.05035425394060807,0.32142857142857145
PST83775,7,activation_linear,5,18,42,-0.012691105767460308,activation_disjoint,0.0,0.32142857142857145
PST83775,9,activation_linear,5,16,48,-0.06232903105208333,proinflammatory_authors,0.11018604694798693,0.2857142857142857
PST83775,9,activation_linear,5,16,48,-0.06232903105208333,proregulatory_authors,0.19373727413293304,0.2857142857142857
PST83775,9,activation_linear,5,16,48,-0.06232903105208333,activation_disjoint,0.0,0.2857142857142857
PST83775,15,activation_linear,5,12,1075,-0.02925060314314419,proinflammatory_authors,-0.00999831513818431,0.21428571428571427
PST83775,15,activation_linear,5,12,1075,-0.02925060314314419,proregulatory_authors,0.011759186214092414,0.21428571428571427
PST83775,15,activation_linear,5,12,1075,-0.02925060314314419,activation_disjoint,0.0,0.21428571428571427
PST83775,7,common_state,20,22,55,-0.10185400879545453,proinflammatory_authors,0.0014541227136363605,0.44
PST83775,7,common_state,20,22,55,-0.10185400879545453,proregulatory_authors,-0.06633436440090912,0.44
PST83775,7,common_state,20,22,55,-0.10185400879545453,activation_disjoint,-0.10185400879545453,0.44
PST83775,9,common_state,20,28,67,-0.2254619477388593,proinflammatory_authors,0.06670564331807033,0.56
PST83775,9,common_state,20,28,67,-0.2254619477388593,proregulatory_authors,0.130869367243145,0.56
PST83775,9,common_state,20,28,67,-0.2254619477388593,activation_disjoint,-0.2254619477388593,0.56
PST95809,2,common_state,5,48,9,-0.036215409797916626,proinflammatory_authors,0.08193247169097222,0.033582089552238806
PST95809,2,common_state,5,48,9,-0.036215409797916626,proregulatory_authors,-0.014114304940972206,0.033582089552238806
PST95809,2,common_state,5,48,9,-0.036215409797916626,activation_disjoint,-0.036215409797916626,0.033582089552238806
PST95809,18,common_state,5,259,626,0.16306148416582394,proinflammatory_authors,0.05685564519122133,0.9664179104477612
PST95809,18,common_state,5,259,626,0.16306148416582394,proregulatory_authors,-0.014356565247054393,0.9664179104477612
PST95809,18,common_state,5,259,626,0.16306148416582394,activation_disjoint,0.16306148416582394,0.9664179104477612
PST95809,2,activation_overlap,5,37,7,0.0280655975826255,proinflammatory_authors,0.06641765524131275,0.03056768558951965
PST95809,2,activation_overlap,5,37,7,0.0280655975826255,proregulatory_authors,-0.00149681549227798,0.03056768558951965
PST95809,2,activation_overlap,5,37,7,0.0280655975826255,activation_disjoint,0.0280655975826255,0.03056768558951965
PST95809,18,activation_overlap,5,222,462,0.08933930814247107,proinflammatory_authors,0.04511085256882473,0.9694323144104804
PST95809,18,activation_overlap,5,222,462,0.08933930814247107,proregulatory_authors,-0.015994451765218298,0.9694323144104804
PST95809,18,activation_overlap,5,222,462,0.08933930814247107,activation_disjoint,0.08933930814247107,0.9694323144104804
PST95809,2,activation_linear,5,37,7,0.0280655975826255,proinflammatory_authors,0.06003158080299984,0.03056768558951965
PST95809,2,activation_linear,5,37,7,0.0280655975826255,proregulatory_authors,-0.012781701119029803,0.03056768558951965
PST95809,2,activation_linear,5,37,7,0.0280655975826255,activation_disjoint,0.0,0.03056768558951965
PST95809,18,activation_linear,5,222,462,0.08933930814247107,proinflammatory_authors,0.038104851274708786,0.9694323144104804
PST95809,18,activation_linear,5,222,462,0.08933930814247107,proregulatory_authors,-0.013383761589841467,0.9694323144104804
PST95809,18,activation_linear,5,222,462,0.08933930814247107,activation_disjoint,0.0,0.9694323144104804
PST95809,18,common_state,20,259,626,0.16306148416582394,proinflammatory_authors,0.05685564519122133,1.0
PST95809,18,common_state,20,259,626,0.16306148416582394,proregulatory_authors,-0.014356565247054393,1.0
PST95809,18,common_state,20,259,626,0.16306148416582394,activation_disjoint,0.16306148416582394,1.0
PST95809,18,activation_overlap,20,222,462,0.08933930814247107,proinflammatory_authors,0.04511085256882473,1.0
PST95809,18,activation_overlap,20,222,462,0.08933930814247107,proregulatory_authors,-0.015994451765218298,1.0
PST95809,18,activation_overlap,20,222,462,0.08933930814247107,activation_disjoint,0.08933930814247107,1.0
PST95809,18,activation_linear,20,222,462,0.08933930814247107,proinflammatory_authors,0.038104851274708786,1.0
PST95809,18,activation_linear,20,222,462,0.08933930814247107,proregulatory_authors,-0.013383761589841467,1.0
PST95809,18,activation_linear,20,222,462,0.08933930814247107,activation_disjoint,0.0,1.0
PST95809,18,common_state,50,259,626,0.16306148416582394,proinflammatory_authors,0.05685564519122133,1.0
PST95809,18,common_state,50,259,626,0.16306148416582394,proregulatory_authors,-0.014356565247054393,1.0
PST95809,18,common_state,50,259,626,0.16306148416582394,activation_disjoint,0.16306148416582394,1.0
PST95809,18,activation_overlap,50,222,462,0.08933930814247107,proinflammatory_authors,0.04511085256882473,1.0
PST95809,18,activation_overlap,50,222,462,0.08933930814247107,proregulatory_authors,-0.015994451765218298,1.0
PST95809,18,activation_overlap,50,222,462,0.08933930814247107,activation_disjoint,0.08933930814247107,1.0
PST95809,18,activation_linear,50,222,462,0.08933930814247107,proinflammatory_authors,0.038104851274708786,1.0
PST95809,18,activation_linear,50,222,462,0.08933930814247107,proregulatory_authors,-0.013383761589841467,1.0
PST95809,18,activation_linear,50,222,462,0.08933930814247107,activation_disjoint,0.0,1.0
PTC32190,0,common_state,5,14,10,0.10179746060000004,proinflammatory_authors,-0.003044538999999999,0.06666666666666667
PTC32190,0,common_state,5,14,10,0.10179746060000004,proregulatory_authors,-0.06480906406285716,0.06666666666666667
PTC32190,0,common_state,5,14,10,0.10179746060000004,activation_disjoint,0.10179746060000004,0.06666666666666667
PTC32190,1,common_state,5,58,5,0.061694733417241375,proinflammatory_authors,0.12197681756206896,0.03333333333333333
PTC32190,1,common_state,5,58,5,0.061694733417241375,proregulatory_authors,0.19444445650344827,0.03333333333333333
PTC32190,1,common_state,5,58,5,0.061694733417241375,activation_disjoint,0.061694733417241375,0.03333333333333333
PTC32190,2,common_state,5,240,78,-0.07723311511206732,proinflammatory_authors,0.03618980321063462,0.52
PTC32190,2,common_state,5,240,78,-0.07723311511206732,proregulatory_authors,-0.01971186753949358,0.52
PTC32190,2,common_state,5,240,78,-0.07723311511206732,activation_disjoint,-0.07723311511206732,0.52
PTC32190,6,common_state,5,1134,8,0.2286972971485494,proinflammatory_authors,0.04949963672628484,0.05333333333333334
PTC32190,6,common_state,5,1134,8,0.2286972971485494,proregulatory_authors,0.023946544804903,0.05333333333333334
PTC32190,6,common_state,5,1134,8,0.2286972971485494,activation_disjoint,0.2286972971485494,0.05333333333333334
PTC32190,7,common_state,5,59,24,0.12972269996468927,proinflammatory_authors,0.020293089419915235,0.16
PTC32190,7,common_state,5,59,24,0.12972269996468927,proregulatory_authors,0.0365490671920339,0.16
PTC32190,7,common_state,5,59,24,0.12972269996468927,activation_disjoint,0.12972269996468927,0.16
PTC32190,9,common_state,5,9,24,-0.06736894963888888,proinflammatory_authors,-0.004239935762500003,0.06
PTC32190,9,common_state,5,9,24,-0.06736894963888888,proregulatory_authors,0.07738409544444444,0.06
PTC32190,9,common_state,5,9,24,-0.06736894963888888,activation_disjoint,-0.06736894963888888,0.06
PTC32190,10,common_state,5,16,1117,0.1664421622596956,proinflammatory_authors,0.0629082602078469,0.10666666666666667
PTC32190,10,common_state,5,16,1117,0.1664421622596956,proregulatory_authors,0.019193841297186223,0.10666666666666667
PTC32190,10,common_state,5,16,1117,0.1664421622596956,activation_disjoint,0.1664421622596956,0.10666666666666667
PTC32190,0,activation_overlap,5,9,8,0.012779281263888886,proinflammatory_authors,0.016578914166666677,0.06837606837606838
PTC32190,0,activation_overlap,5,9,8,0.012779281263888886,proregulatory_authors,-0.13500330156666668,0.06837606837606838
PTC32190,0,activation_overlap,5,9,8,0.012779281263888886,activation_disjoint,0.012779281263888886,0.06837606837606838
PTC32190,2,activation_overlap,5,215,65,-0.02115521649862253,proinflammatory_authors,0.03488602129252594,0.5555555555555556
PTC32190,2,activation_overlap,5,215,65,-0.02115521649862253,proregulatory_authors,-0.001349785060579603,0.5555555555555556
PTC32190,2,activation_overlap,5,215,65,-0.02115521649862253,activation_disjoint,-0.02115521649862253,0.5555555555555556
PTC32190,6,activation_overlap,5,491,5,0.03496533987708349,proinflammatory_authors,0.03948608332924032,0.042735042735042736
PTC32190,6,activation_overlap,5,491,5,0.03496533987708349,proregulatory_authors,-0.034771796635763755,0.042735042735042736
PTC32190,6,activation_overlap,5,491,5,0.03496533987708349,activation_disjoint,0.03496533987708349,0.042735042735042736
PTC32190,7,activation_overlap,5,36,20,0.017401770599999995,proinflammatory_authors,0.049180861691666675,0.17094017094017094
PTC32190,7,activation_overlap,5,36,20,0.017401770599999995,proregulatory_authors,0.03460576770777779,0.17094017094017094
PTC32190,7,activation_overlap,5,36,20,0.017401770599999995,activation_disjoint,0.017401770599999995,0.17094017094017094
PTC32190,9,activation_overlap,5,6,20,-0.0026457974000000106,proinflammatory_authors,0.01891066923333333,0.05128205128205128
PTC32190,9,activation_overlap,5,6,20,-0.0026457974000000106,proregulatory_authors,0.07045743186666664,0.05128205128205128
PTC32190,9,activation_overlap,5,6,20,-0.0026457974000000106,activation_disjoint,-0.0026457974000000106,0.05128205128205128
PTC32190,10,activation_overlap,5,13,782,0.04456886309716603,proinflammatory_authors,0.04044755900863703,0.1111111111111111
PTC32190,10,activation_overlap,5,13,782,0.04456886309716603,proregulatory_authors,0.02620879391883041,0.1111111111111111
PTC32190,10,activation_overlap,5,13,782,0.04456886309716603,activation_disjoint,0.04456886309716603,0.1111111111111111
PTC32190,0,activation_linear,5,9,8,0.012779281263888886,proinflammatory_authors,0.012828019176658685,0.06837606837606838
PTC32190,0,activation_linear,5,9,8,0.012779281263888886,proregulatory_authors,-0.13380658655076463,0.06837606837606838
PTC32190,0,activation_linear,5,9,8,0.012779281263888886,activation_disjoint,0.0,0.06837606837606838
PTC32190,2,activation_linear,5,215,65,-0.02115521649862253,proinflammatory_authors,0.0358756581916482,0.5555555555555556
PTC32190,2,activation_linear,5,215,65,-0.02115521649862253,proregulatory_authors,-3.023641983489699e-06,0.5555555555555556
PTC32190,2,activation_linear,5,215,65,-0.02115521649862253,activation_disjoint,0.0,0.5555555555555556
PTC32190,6,activation_linear,5,491,5,0.03496533987708349,proinflammatory_authors,0.03566629691399685,0.042735042735042736
PTC32190,6,activation_linear,5,491,5,0.03496533987708349,proregulatory_authors,-0.0433277873956046,0.042735042735042736
PTC32190,6,activation_linear,5,491,5,0.03496533987708349,activation_disjoint,0.0,0.042735042735042736
PTC32190,7,activation_linear,5,36,20,0.017401770599999995,proinflammatory_authors,0.047770045830923646,0.17094017094017094
PTC32190,7,activation_linear,5,36,20,0.017401770599999995,proregulatory_authors,0.03921533015430918,0.17094017094017094
PTC32190,7,activation_linear,5,36,20,0.017401770599999995,activation_disjoint,0.0,0.17094017094017094
PTC32190,9,activation_linear,5,6,20,-0.0026457974000000106,proinflammatory_authors,0.0188805139876029,0.05128205128205128
PTC32190,9,activation_linear,5,6,20,-0.0026457974000000106,proregulatory_authors,0.07070204194840546,0.05128205128205128
PTC32190,9,activation_linear,5,6,20,-0.0026457974000000106,activation_disjoint,0.0,0.05128205128205128
PTC32190,10,activation_linear,5,13,782,0.04456886309716603,proinflammatory_authors,0.03739718082102491,0.1111111111111111
PTC32190,10,activation_linear,5,13,782,0.04456886309716603,proregulatory_authors,0.027155693896651484,0.1111111111111111
PTC32190,10,activation_linear,5,13,782,0.04456886309716603,activation_disjoint,0.0,0.1111111111111111
PTC32190,2,common_state,20,240,78,-0.07723311511206732,proinflammatory_authors,0.03618980321063462,0.7647058823529411
PTC32190,2,common_state,20,240,78,-0.07723311511206732,proregulatory_authors,-0.01971186753949358,0.7647058823529411
PTC32190,2,common_state,20,240,78,-0.07723311511206732,activation_disjoint,-0.07723311511206732,0.7647058823529411
PTC32190,7,common_state,20,59,24,0.12972269996468927,proinflammatory_authors,0.020293089419915235,0.23529411764705882
PTC32190,7,common_state,20,59,24,0.12972269996468927,proregulatory_authors,0.0365490671920339,0.23529411764705882
PTC32190,7,common_state,20,59,24,0.12972269996468927,activation_disjoint,0.12972269996468927,0.23529411764705882
PTC32190,2,activation_overlap,20,215,65,-0.02115521649862253,proinflammatory_authors,0.03488602129252594,0.7647058823529411
PTC32190,2,activation_overlap,20,215,65,-0.02115521649862253,proregulatory_authors,-0.001349785060579603,0.7647058823529411
PTC32190,2,activation_overlap,20,215,65,-0.02115521649862253,activation_disjoint,-0.02115521649862253,0.7647058823529411
PTC32190,7,activation_overlap,20,36,20,0.017401770599999995,proinflammatory_authors,0.049180861691666675,0.23529411764705882
PTC32190,7,activation_overlap,20,36,20,0.017401770599999995,proregulatory_authors,0.03460576770777779,0.23529411764705882
PTC32190,7,activation_overlap,20,36,20,0.017401770599999995,activation_disjoint,0.017401770599999995,0.23529411764705882
PTC32190,2,activation_linear,20,215,65,-0.02115521649862253,proinflammatory_authors,0.0358756581916482,0.7647058823529411
PTC32190,2,activation_linear,20,215,65,-0.02115521649862253,proregulatory_authors,-3.023641983489699e-06,0.7647058823529411
PTC32190,2,activation_linear,20,215,65,-0.02115521649862253,activation_disjoint,0.0,0.7647058823529411
PTC32190,7,activation_linear,20,36,20,0.017401770599999995,proinflammatory_authors,0.047770045830923646,0.23529411764705882
PTC32190,7,activation_linear,20,36,20,0.017401770599999995,proregulatory_authors,0.03921533015430918,0.23529411764705882
PTC32190,7,activation_linear,20,36,20,0.017401770599999995,activation_disjoint,0.0,0.23529411764705882
PTC32190,2,common_state,50,240,78,-0.07723311511206732,proinflammatory_authors,0.03618980321063462,1.0
PTC32190,2,common_state,50,240,78,-0.07723311511206732,proregulatory_authors,-0.01971186753949358,1.0
PTC32190,2,common_state,50,240,78,-0.07723311511206732,activation_disjoint,-0.07723311511206732,1.0
PTC32190,2,activation_overlap,50,215,65,-0.02115521649862253,proinflammatory_authors,0.03488602129252594,1.0
PTC32190,2,activation_overlap,50,215,65,-0.02115521649862253,proregulatory_authors,-0.001349785060579603,1.0
PTC32190,2,activation_overlap,50,215,65,-0.02115521649862253,activation_disjoint,-0.02115521649862253,1.0
PTC32190,2,activation_linear,50,215,65,-0.02115521649862253,proinflammatory_authors,0.0358756581916482,1.0
PTC32190,2,activation_linear,50,215,65,-0.02115521649862253,proregulatory_authors,-3.023641983489699e-06,1.0
PTC32190,2,activation_linear,50,215,65,-0.02115521649862253,activation_disjoint,0.0,1.0
PTC41540,0,common_state,5,12,8,-0.10706897208333334,proinflammatory_authors,0.0015930569583333248,0.1951219512195122
PTC41540,0,common_state,5,12,8,-0.10706897208333334,proregulatory_authors,0.09235991091666665,0.1951219512195122
PTC41540,0,common_state,5,12,8,-0.10706897208333334,activation_disjoint,-0.10706897208333334,0.1951219512195122
PTC41540,2,common_state,5,48,13,-0.04615122126282052,proinflammatory_authors,0.0010128002371153737,0.3170731707317073
PTC41540,2,common_state,5,48,13,-0.04615122126282052,proregulatory_authors,-0.04914519713830129,0.3170731707317073
PTC41540,2,common_state,5,48,13,-0.04615122126282052,activation_disjoint,-0.04615122126282052,0.3170731707317073
PTC41540,7,common_state,5,13,28,-0.1805012765879121,proinflammatory_authors,-0.05571859224725274,0.3170731707317073
PTC41540,7,common_state,5,13,28,-0.1805012765879121,proregulatory_authors,-0.11479621937472528,0.3170731707317073
PTC41540,7,common_state,5,13,28,-0.1805012765879121,activation_disjoint,-0.1805012765879121,0.3170731707317073
PTC41540,9,common_state,5,7,89,-0.3338295785081862,proinflammatory_authors,-0.0465281130505618,0.17073170731707318
PTC41540,9,common_state,5,7,89,-0.3338295785081862,proregulatory_authors,-0.19306043702166936,0.17073170731707318
PTC41540,9,common_state,5,7,89,-0.3338295785081862,activation_disjoint,-0.3338295785081862,0.17073170731707318
PTC41540,0,activation_overlap,5,6,6,-0.019877798833333335,proinflammatory_authors,-0.011424815833333324,0.24
PTC41540,0,activation_overlap,5,6,6,-0.019877798833333335,proregulatory_authors,0.15383412,0.24
PTC41540,0,activation_overlap,5,6,6,-0.019877798833333335,activation_disjoint,-0.019877798833333335,0.24
PTC41540,2,activation_overlap,5,30,11,-0.02959109399393938,proinflammatory_authors,0.013574384734545454,0.44
PTC41540,2,activation_overlap,5,30,11,-0.02959109399393938,proregulatory_authors,-0.045642628626060604,0.44
PTC41540,2,activation_overlap,5,30,11,-0.02959109399393938,activation_disjoint,-0.02959109399393938,0.44
PTC41540,7,activation_overlap,5,8,23,-0.17469262360326085,proinflammatory_authors,-0.06458787254347825,0.32
PTC41540,7,activation_overlap,5,8,23,-0.17469262360326085,proregulatory_authors,-0.016705305725000022,0.32
PTC41540,7,activation_overlap,5,8,23,-0.17469262360326085,activation_disjoint,-0.17469262360326085,0.32
PTC41540,0,activation_linear,5,6,6,-0.019877798833333335,proinflammatory_authors,-0.006629517693386204,0.24
PTC41540,0,activation_linear,5,6,6,-0.019877798833333335,proregulatory_authors,0.15049147406516336,0.24
PTC41540,0,activation_linear,5,6,6,-0.019877798833333335,activation_disjoint,0.0,0.24
PTC41540,2,activation_linear,5,30,11,-0.02959109399393938,proinflammatory_authors,0.014200731794134098,0.44
PTC41540,2,activation_linear,5,30,11,-0.02959109399393938,proregulatory_authors,-0.05070370179529072,0.44
PTC41540,2,activation_linear,5,30,11,-0.02959109399393938,activation_disjoint,0.0,0.44
PTC41540,7,activation_linear,5,8,23,-0.17469262360326085,proinflammatory_authors,0.0130888229780875,0.32
PTC41540,7,activation_linear,5,8,23,-0.17469262360326085,proregulatory_authors,0.017316410935029877,0.32
PTC41540,7,activation_linear,5,8,23,-0.17469262360326085,activation_disjoint,0.0,0.32
PTC85037,0,common_state,5,7,266,-0.07300353750225566,proinflammatory_authors,-0.006318730583458651,0.07
PTC85037,0,common_state,5,7,266,-0.07300353750225566,proregulatory_authors,0.07603037416639097,0.07
PTC85037,0,common_state,5,7,266,-0.07300353750225566,activation_disjoint,-0.07300353750225566,0.07
PTC85037,1,common_state,5,34,126,-0.09554647948039216,proinflammatory_authors,0.058671006208926235,0.34
PTC85037,1,common_state,5,34,126,-0.09554647948039216,proregulatory_authors,-0.04865128705250234,0.34
PTC85037,1,common_state,5,34,126,-0.09554647948039216,activation_disjoint,-0.09554647948039216,0.34
PTC85037,2,common_state,5,31,9,-0.47595027624731184,proinflammatory_authors,-0.11305288191541218,0.09
PTC85037,2,common_state,5,31,9,-0.47595027624731184,proregulatory_authors,-0.014523953429390678,0.09
PTC85037,2,common_state,5,31,9,-0.47595027624731184,activation_disjoint,-0.47595027624731184,0.09
PTC85037,6,common_state,5,710,41,-0.029117236526094808,proinflammatory_authors,0.04588550458993473,0.41
PTC85037,6,common_state,5,710,41,-0.029117236526094808,proregulatory_authors,0.039524833748517,0.41
PTC85037,6,common_state,5,710,41,-0.029117236526094808,activation_disjoint,-0.029117236526094808,0.41
PTC85037,7,common_state,5,9,15,-0.28141008819999996,proinflammatory_authors,0.03592162142444444,0.09
PTC85037,7,common_state,5,9,15,-0.28141008819999996,proregulatory_authors,-0.2687341623066667,0.09
PTC85037,7,common_state,5,9,15,-0.28141008819999996,activation_disjoint,-0.28141008819999996,0.09
PTC85037,0,activation_overlap,5,6,245,-0.11237144884598635,proinflammatory_authors,-0.003387535135918343,0.07894736842105263
PTC85037,0,activation_overlap,5,6,245,-0.11237144884598635,proregulatory_authors,0.10606919352595919,0.07894736842105263
PTC85037,0,activation_overlap,5,6,245,-0.11237144884598635,activation_disjoint,-0.11237144884598635,0.07894736842105263
PTC85037,1,activation_overlap,5,30,97,-0.027920368502233683,proinflammatory_authors,0.0640743154376976,0.39473684210526316
PTC85037,1,activation_overlap,5,30,97,-0.027920368502233683,proregulatory_authors,-0.04226105057608247,0.39473684210526316
PTC85037,1,activation_overlap,5,30,97,-0.027920368502233683,activation_disjoint,-0.027920368502233683,0.39473684210526316
PTC85037,2,activation_overlap,5,16,5,-0.04392811035000001,proinflammatory_authors,-0.05661557325000001,0.06578947368421052
PTC85037,2,activation_overlap,5,16,5,-0.04392811035000001,proregulatory_authors,0.028812244731250002,0.06578947368421052
PTC85037,2,activation_overlap,5,16,5,-0.04392811035000001,activation_disjoint,-0.04392811035000001,0.06578947368421052
PTC85037,6,activation_overlap,5,596,35,0.005565600188326948,proinflammatory_authors,0.03919311139895494,0.4605263157894737
PTC85037,6,activation_overlap,5,596,35,0.005565600188326948,proregulatory_authors,0.0513063843608509,0.4605263157894737
PTC85037,6,activation_overlap,5,596,35,0.005565600188326948,activation_disjoint,0.005565600188326948,0.4605263157894737
PTC85037,0,activation_linear,5,6,245,-0.11237144884598635,proinflammatory_authors,0.01948704572786928,0.07894736842105263
PTC85037,0,activation_linear,5,6,245,-0.11237144884598635,proregulatory_authors,0.1603584083711964,0.07894736842105263
PTC85037,0,activation_linear,5,6,245,-0.11237144884598635,activation_disjoint,0.0,0.07894736842105263
PTC85037,1,activation_linear,5,30,97,-0.027920368502233683,proinflammatory_authors,0.060999990753167636,0.39473684210526316
PTC85037,1,activation_linear,5,30,97,-0.027920368502233683,proregulatory_authors,-0.03665079313932671,0.39473684210526316
PTC85037,1,activation_linear,5,30,97,-0.027920368502233683,activation_disjoint,0.0,0.39473684210526316
PTC85037,2,activation_linear,5,16,5,-0.04392811035000001,proinflammatory_authors,0.011110207932762128,0.06578947368421052
PTC85037,2,activation_linear,5,16,5,-0.04392811035000001,proregulatory_authors,0.03735556830141326,0.06578947368421052
PTC85037,2,activation_linear,5,16,5,-0.04392811035000001,activation_disjoint,0.0,0.06578947368421052
PTC85037,6,activation_linear,5,596,35,0.005565600188326948,proinflammatory_authors,0.038761198606081154,0.4605263157894737
PTC85037,6,activation_linear,5,596,35,0.005565600188326948,proregulatory_authors,0.05144525715764023,0.4605263157894737
PTC85037,6,activation_linear,5,596,35,0.005565600188326948,activation_disjoint,0.0,0.4605263157894737
PTC85037,1,common_state,20,34,126,-0.09554647948039216,proinflammatory_authors,0.058671006208926235,0.4533333333333333
PTC85037,1,common_state,20,34,126,-0.09554647948039216,proregulatory_authors,-0.04865128705250234,0.4533333333333333
PTC85037,1,common_state,20,34,126,-0.09554647948039216,activation_disjoint,-0.09554647948039216,0.4533333333333333
PTC85037,6,common_state,20,710,41,-0.029117236526094808,proinflammatory_authors,0.04588550458993473,0.5466666666666666
PTC85037,6,common_state,20,710,41,-0.029117236526094808,proregulatory_authors,0.039524833748517,0.5466666666666666
PTC85037,6,common_state,20,710,41,-0.029117236526094808,activation_disjoint,-0.029117236526094808,0.5466666666666666
PTC85037,1,activation_overlap,20,30,97,-0.027920368502233683,proinflammatory_authors,0.0640743154376976,0.46153846153846156
PTC85037,1,activation_overlap,20,30,97,-0.027920368502233683,proregulatory_authors,-0.04226105057608247,0.46153846153846156
PTC85037,1,activation_overlap,20,30,97,-0.027920368502233683,activation_disjoint,-0.027920368502233683,0.46153846153846156
PTC85037,6,activation_overlap,20,596,35,0.005565600188326948,proinflammatory_authors,0.03919311139895494,0.5384615384615384
PTC85037,6,activation_overlap,20,596,35,0.005565600188326948,proregulatory_authors,0.0513063843608509,0.5384615384615384
PTC85037,6,activation_overlap,20,596,35,0.005565600188326948,activation_disjoint,0.005565600188326948,0.5384615384615384
PTC85037,1,activation_linear,20,30,97,-0.027920368502233683,proinflammatory_authors,0.060999990753167636,0.46153846153846156
PTC85037,1,activation_linear,20,30,97,-0.027920368502233683,proregulatory_authors,-0.03665079313932671,0.46153846153846156
PTC85037,1,activation_linear,20,30,97,-0.027920368502233683,activation_disjoint,0.0,0.46153846153846156
PTC85037,6,activation_linear,20,596,35,0.005565600188326948,proinflammatory_authors,0.038761198606081154,0.5384615384615384
PTC85037,6,activation_linear,20,596,35,0.005565600188326948,proregulatory_authors,0.05144525715764023,0.5384615384615384
PTC85037,6,activation_linear,20,596,35,0.005565600188326948,activation_disjoint,0.0,0.5384615384615384
