cohort	assay	donor_id	cell_floor	gene	left_log2CPM	right_log2CPM	delta_log2CPM	delta_detection	n_strata
Madissoon	Madissoon cell	A26	10	C3	7.61467496772	10.3889249654	-2.77424999766	-0.542993785097	4
Madissoon	Madissoon cell	A26	10	CCL2	7.4884640811	7.64390325855	-0.155439177448	-0.085114392342	4
Madissoon	Madissoon cell	A26	10	CXCL1	2.75362002186	3.02137409039	-0.267754068534	-0.0401481583267	4
Madissoon	Madissoon cell	A26	10	CXCL12	6.64858615164	7.52346667577	-0.874880524133	-0.232178559491	4
Madissoon	Madissoon cell	A26	10	CXCL2	2.28548359453	4.52550165895	-2.24001806443	-0.0871181471732	4
Madissoon	Madissoon cell	A26	10	CXCL3	1.68664689975	3.71271873925	-2.0260718395	-0.0566708536574	4
Madissoon	Madissoon cell	A26	10	CXCL6	1.23546629641	1.62079452961	-0.385328233196	-0.0101122713488	4
Madissoon	Madissoon cell	A26	10	CXCL8	1.43910794918	1.91954162845	-0.480433679269	-0.020446740348	4
Madissoon	Madissoon cell	A26	20	C3	7.61467496772	10.3889249654	-2.77424999766	-0.542993785097	4
Madissoon	Madissoon cell	A26	20	CCL2	7.4884640811	7.64390325855	-0.155439177448	-0.085114392342	4
Madissoon	Madissoon cell	A26	20	CXCL1	2.75362002186	3.02137409039	-0.267754068534	-0.0401481583267	4
Madissoon	Madissoon cell	A26	20	CXCL12	6.64858615164	7.52346667577	-0.874880524133	-0.232178559491	4
Madissoon	Madissoon cell	A26	20	CXCL2	2.28548359453	4.52550165895	-2.24001806443	-0.0871181471732	4
Madissoon	Madissoon cell	A26	20	CXCL3	1.68664689975	3.71271873925	-2.0260718395	-0.0566708536574	4
Madissoon	Madissoon cell	A26	20	CXCL6	1.23546629641	1.62079452961	-0.385328233196	-0.0101122713488	4
Madissoon	Madissoon cell	A26	20	CXCL8	1.43910794918	1.91954162845	-0.480433679269	-0.020446740348	4
Madissoon	Madissoon cell	A37	10	C3	9.74766793132	10.0209548221	-0.273286890767	-0.258412368455	1
Madissoon	Madissoon cell	A37	10	CCL2	7.69243877021	8.19256090773	-0.500122137523	0.0611926724698	1
Madissoon	Madissoon cell	A37	10	CXCL1	4.61622095763	5.39684964493	-0.780628687296	0.00831492789398	1
Madissoon	Madissoon cell	A37	10	CXCL12	7.42257904929	7.23851338479	0.184065664507	0.025724308172	1
Madissoon	Madissoon cell	A37	10	CXCL2	4.61622095763	7.57692835298	-2.96070739535	-0.121086137456	1
Madissoon	Madissoon cell	A37	10	CXCL3	2.78270605519	4.25901156654	-1.47630551135	-0.0158503312979	1
Madissoon	Madissoon cell	A37	10	CXCL6	0	2.81738701237	-2.81738701237	-0.0279329608939	1
Madissoon	Madissoon cell	A37	10	CXCL8	2.78270605519	4.78737608508	-2.00467002989	-0.0102637391191	1
Madissoon	Madissoon cell	A37	20	C3	9.74766793132	10.0209548221	-0.273286890767	-0.258412368455	1
Madissoon	Madissoon cell	A37	20	CCL2	7.69243877021	8.19256090773	-0.500122137523	0.0611926724698	1
Madissoon	Madissoon cell	A37	20	CXCL1	4.61622095763	5.39684964493	-0.780628687296	0.00831492789398	1
Madissoon	Madissoon cell	A37	20	CXCL12	7.42257904929	7.23851338479	0.184065664507	0.025724308172	1
Madissoon	Madissoon cell	A37	20	CXCL2	4.61622095763	7.57692835298	-2.96070739535	-0.121086137456	1
Madissoon	Madissoon cell	A37	20	CXCL3	2.78270605519	4.25901156654	-1.47630551135	-0.0158503312979	1
Madissoon	Madissoon cell	A37	20	CXCL6	0	2.81738701237	-2.81738701237	-0.0279329608939	1
Madissoon	Madissoon cell	A37	20	CXCL8	2.78270605519	4.78737608508	-2.00467002989	-0.0102637391191	1
Madissoon	Madissoon cell	A43	10	C3	8.65527298612	10.5060815597	-1.85080857361	-0.284665271154	2
Madissoon	Madissoon cell	A43	10	CCL2	10.9095739306	10.6795442498	0.230029680768	0.0456339058407	2
Madissoon	Madissoon cell	A43	10	CXCL1	6.60190735146	7.49948654914	-0.897579197688	-0.0273251829694	2
Madissoon	Madissoon cell	A43	10	CXCL12	7.52974215418	7.60083148917	-0.0710893349846	-0.0526615463829	2
Madissoon	Madissoon cell	A43	10	CXCL2	7.99042960995	9.97307015735	-1.9826405474	-0.173203303462	2
Madissoon	Madissoon cell	A43	10	CXCL3	4.28930191107	8.65111443694	-4.36181252587	-0.142873927826	2
Madissoon	Madissoon cell	A43	10	CXCL6	1.00591150191	0.476070895689	0.529840606225	0.00344975542779	2
Madissoon	Madissoon cell	A43	10	CXCL8	5.45022169162	7.78936751866	-2.33914582704	-0.0444247853608	2
Madissoon	Madissoon cell	A43	20	C3	8.65527298612	10.5060815597	-1.85080857361	-0.284665271154	2
Madissoon	Madissoon cell	A43	20	CCL2	10.9095739306	10.6795442498	0.230029680768	0.0456339058407	2
Madissoon	Madissoon cell	A43	20	CXCL1	6.60190735146	7.49948654914	-0.897579197688	-0.0273251829694	2
Madissoon	Madissoon cell	A43	20	CXCL12	7.52974215418	7.60083148917	-0.0710893349846	-0.0526615463829	2
Madissoon	Madissoon cell	A43	20	CXCL2	7.99042960995	9.97307015735	-1.9826405474	-0.173203303462	2
Madissoon	Madissoon cell	A43	20	CXCL3	4.28930191107	8.65111443694	-4.36181252587	-0.142873927826	2
Madissoon	Madissoon cell	A43	20	CXCL6	1.00591150191	0.476070895689	0.529840606225	0.00344975542779	2
Madissoon	Madissoon cell	A43	20	CXCL8	5.45022169162	7.78936751866	-2.33914582704	-0.0444247853608	2
Madissoon	Madissoon cell	A44	10	C3	8.37699818246	10.9301016651	-2.55310348263	-0.451013052545	2
Madissoon	Madissoon cell	A44	10	CCL2	8.91048022856	9.78076476784	-0.870284539287	-0.112800676227	2
Madissoon	Madissoon cell	A44	10	CXCL1	3.27401189561	6.57739352625	-3.30338163063	-0.0796587115654	2
Madissoon	Madissoon cell	A44	10	CXCL12	7.72788604337	8.05279596143	-0.324909918059	-0.100592127282	2
Madissoon	Madissoon cell	A44	10	CXCL2	5.09756991693	7.7785354095	-2.68096549256	-0.082451578577	2
Madissoon	Madissoon cell	A44	10	CXCL3	3.42747029105	5.03600530661	-1.60853501556	-0.00692445657304	2
Madissoon	Madissoon cell	A44	10	CXCL6	2.28890814356	0.653921111447	1.63498703212	0.021840915137	2
Madissoon	Madissoon cell	A44	10	CXCL8	3.79400642697	3.94518814301	-0.151181716037	-0.011694513812	2
Madissoon	Madissoon cell	A44	20	C3	8.37699818246	10.9301016651	-2.55310348263	-0.451013052545	2
Madissoon	Madissoon cell	A44	20	CCL2	8.91048022856	9.78076476784	-0.870284539287	-0.112800676227	2
Madissoon	Madissoon cell	A44	20	CXCL1	3.27401189561	6.57739352625	-3.30338163063	-0.0796587115654	2
Madissoon	Madissoon cell	A44	20	CXCL12	7.72788604337	8.05279596143	-0.324909918059	-0.100592127282	2
Madissoon	Madissoon cell	A44	20	CXCL2	5.09756991693	7.7785354095	-2.68096549256	-0.082451578577	2
Madissoon	Madissoon cell	A44	20	CXCL3	3.42747029105	5.03600530661	-1.60853501556	-0.00692445657304	2
Madissoon	Madissoon cell	A44	20	CXCL6	2.28890814356	0.653921111447	1.63498703212	0.021840915137	2
Madissoon	Madissoon cell	A44	20	CXCL8	3.79400642697	3.94518814301	-0.151181716037	-0.011694513812	2
Madissoon	Madissoon nucleus	A26	10	C3	6.74991107787	10.1248599469	-3.37494886903	-0.427210884354	1
Madissoon	Madissoon nucleus	A26	10	CCL2	4.26339494324	3.24051268814	1.0228822551	0.00707482993197	1
Madissoon	Madissoon nucleus	A26	10	CXCL1	0	0	0	0	1
Madissoon	Madissoon nucleus	A26	10	CXCL12	3.13784065237	4.16209712188	-1.0242564695	-0.0144217687075	1
Madissoon	Madissoon nucleus	A26	10	CXCL2	3.51130890428	0	3.51130890428	0.0163265306122	1
Madissoon	Madissoon nucleus	A26	10	CXCL3	1.84827160989	0	1.84827160989	0.00408163265306	1
Madissoon	Madissoon nucleus	A26	10	CXCL6	0	0	0	0	1
Madissoon	Madissoon nucleus	A26	10	CXCL8	0	0	0	0	1
Madissoon	Madissoon nucleus	A26	20	C3	6.74991107787	10.1248599469	-3.37494886903	-0.427210884354	1
Madissoon	Madissoon nucleus	A26	20	CCL2	4.26339494324	3.24051268814	1.0228822551	0.00707482993197	1
Madissoon	Madissoon nucleus	A26	20	CXCL1	0	0	0	0	1
Madissoon	Madissoon nucleus	A26	20	CXCL12	3.13784065237	4.16209712188	-1.0242564695	-0.0144217687075	1
Madissoon	Madissoon nucleus	A26	20	CXCL2	3.51130890428	0	3.51130890428	0.0163265306122	1
Madissoon	Madissoon nucleus	A26	20	CXCL3	1.84827160989	0	1.84827160989	0.00408163265306	1
Madissoon	Madissoon nucleus	A26	20	CXCL6	0	0	0	0	1
Madissoon	Madissoon nucleus	A26	20	CXCL8	0	0	0	0	1
Madissoon	Madissoon nucleus	A48	10	C3	5.65574178972	8.93281919173	-3.27707740202	-0.402995391705	1
Madissoon	Madissoon nucleus	A48	10	CCL2	0	0	0	0	1
Madissoon	Madissoon nucleus	A48	10	CXCL1	2.57079381389	0	2.57079381389	0.00967741935484	1
Madissoon	Madissoon nucleus	A48	10	CXCL12	4.77367639335	5.70976863251	-0.936092239166	-0.026267281106	1
Madissoon	Madissoon nucleus	A48	10	CXCL2	1.40442405085	0	1.40442405085	0.00322580645161	1
Madissoon	Madissoon nucleus	A48	10	CXCL3	0	0	0	0	1
Madissoon	Madissoon nucleus	A48	10	CXCL6	1.40442405085	0	1.40442405085	0.00322580645161	1
Madissoon	Madissoon nucleus	A48	10	CXCL8	0	0	0	0	1
Madissoon	Madissoon nucleus	A48	20	C3	5.65574178972	8.93281919173	-3.27707740202	-0.402995391705	1
Madissoon	Madissoon nucleus	A48	20	CCL2	0	0	0	0	1
Madissoon	Madissoon nucleus	A48	20	CXCL1	2.57079381389	0	2.57079381389	0.00967741935484	1
Madissoon	Madissoon nucleus	A48	20	CXCL12	4.77367639335	5.70976863251	-0.936092239166	-0.026267281106	1
Madissoon	Madissoon nucleus	A48	20	CXCL2	1.40442405085	0	1.40442405085	0.00322580645161	1
Madissoon	Madissoon nucleus	A48	20	CXCL3	0	0	0	0	1
Madissoon	Madissoon nucleus	A48	20	CXCL6	1.40442405085	0	1.40442405085	0.00322580645161	1
Madissoon	Madissoon nucleus	A48	20	CXCL8	0	0	0	0	1
Travaglini	10x	P1	10	C3	7.49817225876	10.7640456247	-3.26587336592	-0.769590643275	1
Travaglini	10x	P1	10	CCL2	12.9962376753	12.6797314209	0.316506254392	-0.121470342523	1
Travaglini	10x	P1	10	CXCL1	3.03414631876	6.06201000708	-3.02786368832	-0.0153717627402	1
Travaglini	10x	P1	10	CXCL12	6.94552929849	7.0348094473	-0.0892801488043	-0.139014202172	1
Travaglini	10x	P1	10	CXCL2	7.17823777148	9.34127054386	-2.16303277238	-0.0556390977444	1
Travaglini	10x	P1	10	CXCL3	3.94328485502	4.72393585968	-0.780651004657	0.00685045948204	1
Travaglini	10x	P1	10	CXCL6	0	1.31944487475	-1.31944487475	-0.00751879699248	1
Travaglini	10x	P1	10	CXCL8	8.57801453301	7.97029000091	0.6077245321	-0.0532999164578	1
Travaglini	10x	P1	20	C3	7.49817225876	10.7640456247	-3.26587336592	-0.769590643275	1
Travaglini	10x	P1	20	CCL2	12.9962376753	12.6797314209	0.316506254392	-0.121470342523	1
Travaglini	10x	P1	20	CXCL1	3.03414631876	6.06201000708	-3.02786368832	-0.0153717627402	1
Travaglini	10x	P1	20	CXCL12	6.94552929849	7.0348094473	-0.0892801488043	-0.139014202172	1
Travaglini	10x	P1	20	CXCL2	7.17823777148	9.34127054386	-2.16303277238	-0.0556390977444	1
Travaglini	10x	P1	20	CXCL3	3.94328485502	4.72393585968	-0.780651004657	0.00685045948204	1
Travaglini	10x	P1	20	CXCL6	0	1.31944487475	-1.31944487475	-0.00751879699248	1
Travaglini	10x	P1	20	CXCL8	8.57801453301	7.97029000091	0.6077245321	-0.0532999164578	1
Travaglini	10x	P2	10	C3	7.72853758967	10.4088568249	-2.68031923521	-0.618732782369	1
Travaglini	10x	P2	10	CCL2	13.3472012538	12.328107531	1.01909372277	0.0942148760331	1
Travaglini	10x	P2	10	CXCL1	9.45712760819	7.20461550014	2.25251210805	0.0980716253444	1
Travaglini	10x	P2	10	CXCL12	6.66203576783	7.9889873239	-1.32695155607	-0.451790633609	1
Travaglini	10x	P2	10	CXCL2	9.32685193826	8.38355246558	0.94329947268	-0.0104683195592	1
Travaglini	10x	P2	10	CXCL3	7.24224167077	5.76219933844	1.48004233233	-0.0765840220386	1
Travaglini	10x	P2	10	CXCL6	4.46656647257	0	4.46656647257	0.0413223140496	1
Travaglini	10x	P2	10	CXCL8	8.9105868365	4.78853893755	4.12204789895	0.0815426997245	1
Travaglini	10x	P3	10	C3	7.60896303219	10.1747544808	-2.56579144861	-0.742904841402	1
Travaglini	10x	P3	10	CCL2	10.211346438	9.70821026871	0.50313616926	0.110298773818	1
Travaglini	10x	P3	10	CXCL1	0.714568882189	5.54300739053	-4.82843850835	-0.0672960681596	1
Travaglini	10x	P3	10	CXCL12	7.96778067397	6.91604129245	1.05173938151	0.0552933049335	1
Travaglini	10x	P3	10	CXCL2	3.854080267	6.69563857247	-2.84155830546	-0.112889298256	1
Travaglini	10x	P3	10	CXCL3	3.91665252129	4.38960756513	-0.472955043842	-0.0149962581314	1
Travaglini	10x	P3	10	CXCL6	0	0	0	0	1
Travaglini	10x	P3	10	CXCL8	2.61540267937	1.94542535308	0.669977326288	-0.00388578665592	1
Travaglini	10x	P3	20	C3	7.60896303219	10.1747544808	-2.56579144861	-0.742904841402	1
Travaglini	10x	P3	20	CCL2	10.211346438	9.70821026871	0.50313616926	0.110298773818	1
Travaglini	10x	P3	20	CXCL1	0.714568882189	5.54300739053	-4.82843850835	-0.0672960681596	1
Travaglini	10x	P3	20	CXCL12	7.96778067397	6.91604129245	1.05173938151	0.0552933049335	1
Travaglini	10x	P3	20	CXCL2	3.854080267	6.69563857247	-2.84155830546	-0.112889298256	1
Travaglini	10x	P3	20	CXCL3	3.91665252129	4.38960756513	-0.472955043842	-0.0149962581314	1
Travaglini	10x	P3	20	CXCL6	0	0	0	0	1
Travaglini	10x	P3	20	CXCL8	2.61540267937	1.94542535308	0.669977326288	-0.00388578665592	1
Travaglini	SS2	P1	10	C3	7.65136414587	12.4633743287	-4.81201018286	-0.581944444444	1
Travaglini	SS2	P1	10	CCL2	10.4747584986	12.0717531473	-1.59699464866	-0.31712962963	1
Travaglini	SS2	P1	10	CXCL1	0	4.54056471333	-4.54056471333	-0.037037037037	1
Travaglini	SS2	P1	10	CXCL12	5.79792851525	6.49110927284	-0.69318075759	-0.317592592593	1
Travaglini	SS2	P1	10	CXCL2	6.30957160409	8.35761431277	-2.04804270868	-0.147685185185	1
Travaglini	SS2	P1	10	CXCL3	2.10235609658	1.61161555419	0.490740542391	0.00648148148148	1
Travaglini	SS2	P1	10	CXCL6	0	2.173840106	-2.173840106	-0.0185185185185	1
Travaglini	SS2	P1	10	CXCL8	2.15381658175	5.70435942148	-3.55054283973	-0.024537037037	1
Travaglini	SS2	P1	20	C3	7.65136414587	12.4633743287	-4.81201018286	-0.581944444444	1
Travaglini	SS2	P1	20	CCL2	10.4747584986	12.0717531473	-1.59699464866	-0.31712962963	1
Travaglini	SS2	P1	20	CXCL1	0	4.54056471333	-4.54056471333	-0.037037037037	1
Travaglini	SS2	P1	20	CXCL12	5.79792851525	6.49110927284	-0.69318075759	-0.317592592593	1
Travaglini	SS2	P1	20	CXCL2	6.30957160409	8.35761431277	-2.04804270868	-0.147685185185	1
Travaglini	SS2	P1	20	CXCL3	2.10235609658	1.61161555419	0.490740542391	0.00648148148148	1
Travaglini	SS2	P1	20	CXCL6	0	2.173840106	-2.173840106	-0.0185185185185	1
Travaglini	SS2	P1	20	CXCL8	2.15381658175	5.70435942148	-3.55054283973	-0.024537037037	1
Travaglini	SS2	P3	10	C3	9.36614410857	12.0107785287	-2.64463442018	-0.378571428571	1
Travaglini	SS2	P3	10	CCL2	9.88814830838	10.8315541842	-0.943405875859	-0.111003861004	1
Travaglini	SS2	P3	10	CXCL1	0.0103799635639	0	0.0103799635639	0.00714285714286	1
Travaglini	SS2	P3	10	CXCL12	6.82902285761	7.37153451201	-0.542511654396	-0.175675675676	1
Travaglini	SS2	P3	10	CXCL2	0.889125330258	2.34100220671	-1.45187687645	-0.0938223938224	1
Travaglini	SS2	P3	10	CXCL3	0.0309184954567	0	0.0309184954567	0.00714285714286	1
Travaglini	SS2	P3	10	CXCL6	0	0	0	0	1
Travaglini	SS2	P3	10	CXCL8	0	0	0	0	1
Travaglini	SS2	P3	20	C3	9.36614410857	12.0107785287	-2.64463442018	-0.378571428571	1
Travaglini	SS2	P3	20	CCL2	9.88814830838	10.8315541842	-0.943405875859	-0.111003861004	1
Travaglini	SS2	P3	20	CXCL1	0.0103799635639	0	0.0103799635639	0.00714285714286	1
Travaglini	SS2	P3	20	CXCL12	6.82902285761	7.37153451201	-0.542511654396	-0.175675675676	1
Travaglini	SS2	P3	20	CXCL2	0.889125330258	2.34100220671	-1.45187687645	-0.0938223938224	1
Travaglini	SS2	P3	20	CXCL3	0.0309184954567	0	0.0309184954567	0.00714285714286	1
Travaglini	SS2	P3	20	CXCL6	0	0	0	0	1
Travaglini	SS2	P3	20	CXCL8	0	0	0	0	1
