gene	animal_id	delta
ODC1	WT1	0.024010463344203
ODC1	WT2	0.50332673898558
ODC1	WT3	0.35587861954508
SRM	WT1	0.32416209759125
SRM	WT2	1.3793350257326
SRM	WT3	0.47651167780801
SMS	WT1	0.41590257984517
SMS	WT2	0.43927701843767
SMS	WT3	0.23959500627217
SAT1	WT1	0.41556064258307
SAT1	WT2	0.5194641642176
SAT1	WT3	0.46619217209894
SMOX	WT1	0.54711436176007
SMOX	WT2	1.0000221747787
SMOX	WT3	0.84035467510223
PGAM1	WT1	-0.13549292960197
PGAM1	WT2	-0.19684558759048
PGAM1	WT3	-0.12180265429774
LDHA	WT1	0.086427469790991
LDHA	WT2	0.1299493033958
LDHA	WT3	0.12983528140877
TPI1	WT1	-0.084694513146031
TPI1	WT2	-0.13387787937478
TPI1	WT3	-0.16526468028321
FOXP3	WT1	-2.5914753991615
FOXP3	WT2	-3.5649959542565
FOXP3	WT3	-2.3520417768665
RORC	WT1	-0.040531498119147
RORC	WT2	-0.20280285860308
RORC	WT3	-0.23905005905917
IL17A	WT1	1.127824323328
IL17A	WT2	1.29483469862
IL17A	WT3	0.56671428963219
KDM6B	WT1	-0.73325461151771
KDM6B	WT2	-0.046837857537366
KDM6B	WT3	-0.2930228578467
