patient	penalty	model	feature	coefficient	train_scale
P0006	1.0	shared_stress	shared_remodelling	0.15119166803520628	0.41542643371074206
P0006	1.0	shared_stress	HALLMARK_P53_PATHWAY	0.3180328453608026	0.2607619412984502
P0006	1.0	shared_stress	HALLMARK_HYPOXIA	0.29690814660073583	0.36638080014347957
P0006	1.0	shared_stress	HALLMARK_INFLAMMATORY_RESPONSE	0.20117142733198648	0.20751941708206986
P0018	1.0	shared_stress	shared_remodelling	0.20194514751543396	0.43550284714295506
P0018	1.0	shared_stress	HALLMARK_P53_PATHWAY	0.29977006237366444	0.2999154297195487
P0018	1.0	shared_stress	HALLMARK_HYPOXIA	0.274472849154354	0.3869257067984495
P0018	1.0	shared_stress	HALLMARK_INFLAMMATORY_RESPONSE	0.1987500979555724	0.2442485874623273
P0019	1.0	shared_stress	shared_remodelling	0.1496318381314967	0.4003053727916374
P0019	1.0	shared_stress	HALLMARK_P53_PATHWAY	0.304170227707962	0.2828851892903437
P0019	1.0	shared_stress	HALLMARK_HYPOXIA	0.3026159496787999	0.3947006092756676
P0019	1.0	shared_stress	HALLMARK_INFLAMMATORY_RESPONSE	0.19518629541575583	0.23914537136874206
P0020	1.0	shared_stress	shared_remodelling	0.15366265350093666	0.4071910072010474
P0020	1.0	shared_stress	HALLMARK_P53_PATHWAY	0.30981417876062195	0.28487663314010386
P0020	1.0	shared_stress	HALLMARK_HYPOXIA	0.2992535002115637	0.37762714653048046
P0020	1.0	shared_stress	HALLMARK_INFLAMMATORY_RESPONSE	0.19894404087166032	0.21440273543205202
P0028	1.0	shared_stress	shared_remodelling	0.16476274827953533	0.40969230477659774
P0028	1.0	shared_stress	HALLMARK_P53_PATHWAY	0.29988014304222704	0.29040421455727805
P0028	1.0	shared_stress	HALLMARK_HYPOXIA	0.2915065971549788	0.3930661479559296
P0028	1.0	shared_stress	HALLMARK_INFLAMMATORY_RESPONSE	0.20053013846873416	0.23467742970591873
P0030	1.0	shared_stress	shared_remodelling	0.14578049381800845	0.3482029873759794
P0030	1.0	shared_stress	HALLMARK_P53_PATHWAY	0.3102116120284354	0.28784686118014463
P0030	1.0	shared_stress	HALLMARK_HYPOXIA	0.3001302320306325	0.4065416756259696
P0030	1.0	shared_stress	HALLMARK_INFLAMMATORY_RESPONSE	0.1939363969842507	0.2249138479133614
P0031	1.0	shared_stress	shared_remodelling	0.1964401248011487	0.418924313753173
P0031	1.0	shared_stress	HALLMARK_P53_PATHWAY	0.2924889644974497	0.28458547816888746
P0031	1.0	shared_stress	HALLMARK_HYPOXIA	0.2785696273476862	0.3588539137807737
P0031	1.0	shared_stress	HALLMARK_INFLAMMATORY_RESPONSE	0.1987473438766796	0.2470972324862219
P0034	1.0	shared_stress	shared_remodelling	0.14251920160731862	0.42823187459435186
P0034	1.0	shared_stress	HALLMARK_P53_PATHWAY	0.28530728178786846	0.2964212619275371
P0034	1.0	shared_stress	HALLMARK_HYPOXIA	0.3035994306489604	0.4133048851673749
P0034	1.0	shared_stress	HALLMARK_INFLAMMATORY_RESPONSE	0.24029150095883667	0.2491434431769603
P0006	1.0	add_lesion	shared_remodelling	0.13228013685825968	0.41542643371074206
P0006	1.0	add_lesion	HALLMARK_P53_PATHWAY	0.2712190809520075	0.2607619412984502
P0006	1.0	add_lesion	HALLMARK_HYPOXIA	0.24742023650110953	0.36638080014347957
P0006	1.0	add_lesion	HALLMARK_INFLAMMATORY_RESPONSE	0.16479592871849044	0.20751941708206986
P0006	1.0	add_lesion	lesion_specific	0.2558293313007235	0.4320823523105579
P0018	1.0	add_lesion	shared_remodelling	0.17595767857292816	0.43550284714295506
P0018	1.0	add_lesion	HALLMARK_P53_PATHWAY	0.25784499844223635	0.2999154297195487
P0018	1.0	add_lesion	HALLMARK_HYPOXIA	0.23125055268294997	0.3869257067984495
P0018	1.0	add_lesion	HALLMARK_INFLAMMATORY_RESPONSE	0.16429354746390107	0.2442485874623273
P0018	1.0	add_lesion	lesion_specific	0.24300054897456363	0.4639479229186231
P0019	1.0	add_lesion	shared_remodelling	0.12980950079453205	0.4003053727916374
P0019	1.0	add_lesion	HALLMARK_P53_PATHWAY	0.25856118201602957	0.2828851892903437
P0019	1.0	add_lesion	HALLMARK_HYPOXIA	0.2524466000911562	0.3947006092756676
P0019	1.0	add_lesion	HALLMARK_INFLAMMATORY_RESPONSE	0.1588011680770528	0.23914537136874206
P0019	1.0	add_lesion	lesion_specific	0.256228303204858	0.46492554569184436
P0020	1.0	add_lesion	shared_remodelling	0.134795673540726	0.4071910072010474
P0020	1.0	add_lesion	HALLMARK_P53_PATHWAY	0.2622360660410015	0.28487663314010386
P0020	1.0	add_lesion	HALLMARK_HYPOXIA	0.2483766785077212	0.37762714653048046
P0020	1.0	add_lesion	HALLMARK_INFLAMMATORY_RESPONSE	0.16287265353442232	0.21440273543205202
P0020	1.0	add_lesion	lesion_specific	0.2611087397325428	0.43338200848268876
P0028	1.0	add_lesion	shared_remodelling	0.14422983863027047	0.40969230477659774
P0028	1.0	add_lesion	HALLMARK_P53_PATHWAY	0.25711477532793997	0.29040421455727805
P0028	1.0	add_lesion	HALLMARK_HYPOXIA	0.24440295459086836	0.3930661479559296
P0028	1.0	add_lesion	HALLMARK_INFLAMMATORY_RESPONSE	0.16454241736422417	0.23467742970591873
P0028	1.0	add_lesion	lesion_specific	0.25007629235220624	0.44623326501770216
P0030	1.0	add_lesion	shared_remodelling	0.12520746779586642	0.3482029873759794
P0030	1.0	add_lesion	HALLMARK_P53_PATHWAY	0.26446497705475325	0.28784686118014463
P0030	1.0	add_lesion	HALLMARK_HYPOXIA	0.2511893411864237	0.4065416756259696
P0030	1.0	add_lesion	HALLMARK_INFLAMMATORY_RESPONSE	0.15682336429653543	0.2249138479133614
P0030	1.0	add_lesion	lesion_specific	0.2573038364911866	0.47144057244884213
P0031	1.0	add_lesion	shared_remodelling	0.17241852251453324	0.418924313753173
P0031	1.0	add_lesion	HALLMARK_P53_PATHWAY	0.2508359474752241	0.28458547816888746
P0031	1.0	add_lesion	HALLMARK_HYPOXIA	0.23267497735416529	0.3588539137807737
P0031	1.0	add_lesion	HALLMARK_INFLAMMATORY_RESPONSE	0.16428084453432176	0.2470972324862219
P0031	1.0	add_lesion	lesion_specific	0.2447321093135194	0.4597898827143666
P0034	1.0	add_lesion	shared_remodelling	0.12213555672169778	0.42823187459435186
P0034	1.0	add_lesion	HALLMARK_P53_PATHWAY	0.24065647260663273	0.2964212619275371
P0034	1.0	add_lesion	HALLMARK_HYPOXIA	0.2545388294090425	0.4133048851673749
P0034	1.0	add_lesion	HALLMARK_INFLAMMATORY_RESPONSE	0.20152149427143068	0.2491434431769603
P0034	1.0	add_lesion	lesion_specific	0.2557863136666437	0.4849397282159015
P0006	1.0	add_stress_excluded	shared_remodelling	0.13710688965305293	0.41542643371074206
P0006	1.0	add_stress_excluded	HALLMARK_P53_PATHWAY	0.2686893549652226	0.2607619412984502
P0006	1.0	add_stress_excluded	HALLMARK_HYPOXIA	0.24189806205648856	0.36638080014347957
P0006	1.0	add_stress_excluded	HALLMARK_INFLAMMATORY_RESPONSE	0.16407732319755877	0.20751941708206986
P0006	1.0	add_stress_excluded	stress_excluded	0.2609721059659063	0.4006688530169289
P0018	1.0	add_stress_excluded	shared_remodelling	0.17866602448738578	0.43550284714295506
P0018	1.0	add_stress_excluded	HALLMARK_P53_PATHWAY	0.2556250811920756	0.2999154297195487
P0018	1.0	add_stress_excluded	HALLMARK_HYPOXIA	0.22747301236196593	0.3869257067984495
P0018	1.0	add_stress_excluded	HALLMARK_INFLAMMATORY_RESPONSE	0.1638670439141584	0.2442485874623273
P0018	1.0	add_stress_excluded	stress_excluded	0.24659965124361494	0.42056569082216466
P0019	1.0	add_stress_excluded	shared_remodelling	0.13626950091090057	0.4003053727916374
P0019	1.0	add_stress_excluded	HALLMARK_P53_PATHWAY	0.25772845810266715	0.2828851892903437
P0019	1.0	add_stress_excluded	HALLMARK_HYPOXIA	0.24808710438227422	0.3947006092756676
P0019	1.0	add_stress_excluded	HALLMARK_INFLAMMATORY_RESPONSE	0.15928172832037055	0.23914537136874206
P0019	1.0	add_stress_excluded	stress_excluded	0.25871543143676734	0.4293687416160855
P0020	1.0	add_stress_excluded	shared_remodelling	0.13949586824813912	0.4071910072010474
P0020	1.0	add_stress_excluded	HALLMARK_P53_PATHWAY	0.26139280024911377	0.28487663314010386
P0020	1.0	add_stress_excluded	HALLMARK_HYPOXIA	0.24412368211217061	0.37762714653048046
P0020	1.0	add_stress_excluded	HALLMARK_INFLAMMATORY_RESPONSE	0.16196773418632737	0.21440273543205202
P0020	1.0	add_stress_excluded	stress_excluded	0.2627601493318774	0.4168392720309306
P0028	1.0	add_stress_excluded	shared_remodelling	0.14917163196987107	0.40969230477659774
P0028	1.0	add_stress_excluded	HALLMARK_P53_PATHWAY	0.2547344765601585	0.29040421455727805
P0028	1.0	add_stress_excluded	HALLMARK_HYPOXIA	0.23929956297240346	0.3930661479559296
P0028	1.0	add_stress_excluded	HALLMARK_INFLAMMATORY_RESPONSE	0.16411691853212246	0.23467742970591873
P0028	1.0	add_stress_excluded	stress_excluded	0.25522689241701885	0.4187429809918012
P0030	1.0	add_stress_excluded	shared_remodelling	0.12945495165187798	0.3482029873759794
P0030	1.0	add_stress_excluded	HALLMARK_P53_PATHWAY	0.26158379332882215	0.28784686118014463
P0030	1.0	add_stress_excluded	HALLMARK_HYPOXIA	0.24605404359726732	0.4065416756259696
P0030	1.0	add_stress_excluded	HALLMARK_INFLAMMATORY_RESPONSE	0.15550945017194706	0.2249138479133614
P0030	1.0	add_stress_excluded	stress_excluded	0.26385077782957	0.44053513659108884
P0031	1.0	add_stress_excluded	shared_remodelling	0.17517333078658875	0.418924313753173
P0031	1.0	add_stress_excluded	HALLMARK_P53_PATHWAY	0.24988983705704151	0.28458547816888746
P0031	1.0	add_stress_excluded	HALLMARK_HYPOXIA	0.23016718409009732	0.3588539137807737
P0031	1.0	add_stress_excluded	HALLMARK_INFLAMMATORY_RESPONSE	0.16357226148482543	0.2470972324862219
P0031	1.0	add_stress_excluded	stress_excluded	0.24659268419414113	0.41778112157654185
P0034	1.0	add_stress_excluded	shared_remodelling	0.12527076290752584	0.42823187459435186
P0034	1.0	add_stress_excluded	HALLMARK_P53_PATHWAY	0.23563050872531024	0.2964212619275371
P0034	1.0	add_stress_excluded	HALLMARK_HYPOXIA	0.2479232048641602	0.4133048851673749
P0034	1.0	add_stress_excluded	HALLMARK_INFLAMMATORY_RESPONSE	0.20066616585813274	0.2491434431769603
P0034	1.0	add_stress_excluded	stress_excluded	0.2679847074221427	0.44942381362832673
P0006	0.1	shared_stress	shared_remodelling	0.29389266069596887	0.41542643371074206
P0006	0.1	shared_stress	HALLMARK_P53_PATHWAY	0.7913894496167474	0.2607619412984502
P0006	0.1	shared_stress	HALLMARK_HYPOXIA	0.701198541223646	0.36638080014347957
P0006	0.1	shared_stress	HALLMARK_INFLAMMATORY_RESPONSE	0.3206351265649419	0.20751941708206986
P0018	0.1	shared_stress	shared_remodelling	0.4256546204609101	0.43550284714295506
P0018	0.1	shared_stress	HALLMARK_P53_PATHWAY	0.7568385224289764	0.2999154297195487
P0018	0.1	shared_stress	HALLMARK_HYPOXIA	0.6438357770453547	0.3869257067984495
P0018	0.1	shared_stress	HALLMARK_INFLAMMATORY_RESPONSE	0.2920042181343129	0.2442485874623273
P0019	0.1	shared_stress	shared_remodelling	0.29141803803706257	0.4003053727916374
P0019	0.1	shared_stress	HALLMARK_P53_PATHWAY	0.7839555965134231	0.2828851892903437
P0019	0.1	shared_stress	HALLMARK_HYPOXIA	0.7354344064263629	0.3947006092756676
P0019	0.1	shared_stress	HALLMARK_INFLAMMATORY_RESPONSE	0.3072748347080235	0.23914537136874206
P0020	0.1	shared_stress	shared_remodelling	0.31084492623230287	0.4071910072010474
P0020	0.1	shared_stress	HALLMARK_P53_PATHWAY	0.7822673083378306	0.28487663314010386
P0020	0.1	shared_stress	HALLMARK_HYPOXIA	0.7319338492559807	0.37762714653048046
P0020	0.1	shared_stress	HALLMARK_INFLAMMATORY_RESPONSE	0.3243713524249093	0.21440273543205202
P0028	0.1	shared_stress	shared_remodelling	0.3109205195274422	0.40969230477659774
P0028	0.1	shared_stress	HALLMARK_P53_PATHWAY	0.772002877718463	0.29040421455727805
P0028	0.1	shared_stress	HALLMARK_HYPOXIA	0.7212914583317355	0.3930661479559296
P0028	0.1	shared_stress	HALLMARK_INFLAMMATORY_RESPONSE	0.30934427258365776	0.23467742970591873
P0030	0.1	shared_stress	shared_remodelling	0.28965203126422256	0.3482029873759794
P0030	0.1	shared_stress	HALLMARK_P53_PATHWAY	0.7941634539812482	0.28784686118014463
P0030	0.1	shared_stress	HALLMARK_HYPOXIA	0.7369820196520761	0.4065416756259696
P0030	0.1	shared_stress	HALLMARK_INFLAMMATORY_RESPONSE	0.31462794992663473	0.2249138479133614
P0031	0.1	shared_stress	shared_remodelling	0.378707659617645	0.418924313753173
P0031	0.1	shared_stress	HALLMARK_P53_PATHWAY	0.7354347137790755	0.28458547816888746
P0031	0.1	shared_stress	HALLMARK_HYPOXIA	0.6760860309969275	0.3588539137807737
P0031	0.1	shared_stress	HALLMARK_INFLAMMATORY_RESPONSE	0.3108447495219961	0.2470972324862219
P0034	0.1	shared_stress	shared_remodelling	0.1968311706072556	0.42823187459435186
P0034	0.1	shared_stress	HALLMARK_P53_PATHWAY	0.6462036160857583	0.2964212619275371
P0034	0.1	shared_stress	HALLMARK_HYPOXIA	0.741222909222896	0.4133048851673749
P0034	0.1	shared_stress	HALLMARK_INFLAMMATORY_RESPONSE	0.4852483460222853	0.2491434431769603
P0006	0.1	add_lesion	shared_remodelling	0.26310115434762893	0.41542643371074206
P0006	0.1	add_lesion	HALLMARK_P53_PATHWAY	0.6415870829190229	0.2607619412984502
P0006	0.1	add_lesion	HALLMARK_HYPOXIA	0.5383391780566518	0.36638080014347957
P0006	0.1	add_lesion	HALLMARK_INFLAMMATORY_RESPONSE	0.23222040250817785	0.20751941708206986
P0006	0.1	add_lesion	lesion_specific	0.5520108064594791	0.4320823523105579
P0018	0.1	add_lesion	shared_remodelling	0.36646913509833123	0.43550284714295506
P0018	0.1	add_lesion	HALLMARK_P53_PATHWAY	0.6227531869316628	0.2999154297195487
P0018	0.1	add_lesion	HALLMARK_HYPOXIA	0.5055417713263405	0.3869257067984495
P0018	0.1	add_lesion	HALLMARK_INFLAMMATORY_RESPONSE	0.21513281362704767	0.2442485874623273
P0018	0.1	add_lesion	lesion_specific	0.5232123325228278	0.4639479229186231
P0019	0.1	add_lesion	shared_remodelling	0.2599782265276899	0.4003053727916374
P0019	0.1	add_lesion	HALLMARK_P53_PATHWAY	0.6323040600916877	0.2828851892903437
P0019	0.1	add_lesion	HALLMARK_HYPOXIA	0.5636227693606874	0.3947006092756676
P0019	0.1	add_lesion	HALLMARK_INFLAMMATORY_RESPONSE	0.21804342185960962	0.23914537136874206
P0019	0.1	add_lesion	lesion_specific	0.5679841638031357	0.46492554569184436
P0020	0.1	add_lesion	shared_remodelling	0.2772162773951819	0.4071910072010474
P0020	0.1	add_lesion	HALLMARK_P53_PATHWAY	0.6236255901568353	0.28487663314010386
P0020	0.1	add_lesion	HALLMARK_HYPOXIA	0.5526312029730277	0.37762714653048046
P0020	0.1	add_lesion	HALLMARK_INFLAMMATORY_RESPONSE	0.2320700211212351	0.21440273543205202
P0020	0.1	add_lesion	lesion_specific	0.5790819457248336	0.43338200848268876
P0028	0.1	add_lesion	shared_remodelling	0.2808554161528312	0.40969230477659774
P0028	0.1	add_lesion	HALLMARK_P53_PATHWAY	0.6254083990305189	0.29040421455727805
P0028	0.1	add_lesion	HALLMARK_HYPOXIA	0.5522794211452883	0.3930661479559296
P0028	0.1	add_lesion	HALLMARK_INFLAMMATORY_RESPONSE	0.22489982159283653	0.23467742970591873
P0028	0.1	add_lesion	lesion_specific	0.5637999310169663	0.44623326501770216
P0030	0.1	add_lesion	shared_remodelling	0.2580589938709994	0.3482029873759794
P0030	0.1	add_lesion	HALLMARK_P53_PATHWAY	0.6410197347607325	0.28784686118014463
P0030	0.1	add_lesion	HALLMARK_HYPOXIA	0.5659414438822667	0.4065416756259696
P0030	0.1	add_lesion	HALLMARK_INFLAMMATORY_RESPONSE	0.2204999566587064	0.2249138479133614
P0030	0.1	add_lesion	lesion_specific	0.573648641052572	0.47144057244884213
P0031	0.1	add_lesion	shared_remodelling	0.338116291793417	0.418924313753173
P0031	0.1	add_lesion	HALLMARK_P53_PATHWAY	0.599344111701658	0.28458547816888746
P0031	0.1	add_lesion	HALLMARK_HYPOXIA	0.5149193700742475	0.3588539137807737
P0031	0.1	add_lesion	HALLMARK_INFLAMMATORY_RESPONSE	0.2271300701078507	0.2470972324862219
P0031	0.1	add_lesion	lesion_specific	0.5383292486890412	0.4597898827143666
P0034	0.1	add_lesion	shared_remodelling	0.16962616532674613	0.42823187459435186
P0034	0.1	add_lesion	HALLMARK_P53_PATHWAY	0.50726979617447	0.2964212619275371
P0034	0.1	add_lesion	HALLMARK_HYPOXIA	0.5734071168067824	0.4133048851673749
P0034	0.1	add_lesion	HALLMARK_INFLAMMATORY_RESPONSE	0.3809151182241388	0.2491434431769603
P0034	0.1	add_lesion	lesion_specific	0.5501667024898349	0.4849397282159015
P0006	0.1	add_stress_excluded	shared_remodelling	0.289495883823827	0.41542643371074206
P0006	0.1	add_stress_excluded	HALLMARK_P53_PATHWAY	0.6424444631547116	0.2607619412984502
P0006	0.1	add_stress_excluded	HALLMARK_HYPOXIA	0.5166880389311351	0.36638080014347957
P0006	0.1	add_stress_excluded	HALLMARK_INFLAMMATORY_RESPONSE	0.22165807815177505	0.20751941708206986
P0006	0.1	add_stress_excluded	stress_excluded	0.5492749105303523	0.4006688530169289
P0018	0.1	add_stress_excluded	shared_remodelling	0.3868315096153244	0.43550284714295506
P0018	0.1	add_stress_excluded	HALLMARK_P53_PATHWAY	0.6216628734418201	0.2999154297195487
P0018	0.1	add_stress_excluded	HALLMARK_HYPOXIA	0.487738469169943	0.3869257067984495
P0018	0.1	add_stress_excluded	HALLMARK_INFLAMMATORY_RESPONSE	0.20848651809131624	0.2442485874623273
P0018	0.1	add_stress_excluded	stress_excluded	0.5188673179650597	0.42056569082216466
P0019	0.1	add_stress_excluded	shared_remodelling	0.29241188394049894	0.4003053727916374
P0019	0.1	add_stress_excluded	HALLMARK_P53_PATHWAY	0.6342100084176076	0.2828851892903437
P0019	0.1	add_stress_excluded	HALLMARK_HYPOXIA	0.5415128884344451	0.3947006092756676
P0019	0.1	add_stress_excluded	HALLMARK_INFLAMMATORY_RESPONSE	0.2116707460146772	0.23914537136874206
P0019	0.1	add_stress_excluded	stress_excluded	0.5645648311288698	0.4293687416160855
P0020	0.1	add_stress_excluded	shared_remodelling	0.304983575037482	0.4071910072010474
P0020	0.1	add_stress_excluded	HALLMARK_P53_PATHWAY	0.6312060717603949	0.28487663314010386
P0020	0.1	add_stress_excluded	HALLMARK_HYPOXIA	0.5373540738578397	0.37762714653048046
P0020	0.1	add_stress_excluded	HALLMARK_INFLAMMATORY_RESPONSE	0.22228881694553676	0.21440273543205202
P0020	0.1	add_stress_excluded	stress_excluded	0.5672179743438523	0.4168392720309306
P0028	0.1	add_stress_excluded	shared_remodelling	0.3092376851732805	0.40969230477659774
P0028	0.1	add_stress_excluded	HALLMARK_P53_PATHWAY	0.6246603449532405	0.29040421455727805
P0028	0.1	add_stress_excluded	HALLMARK_HYPOXIA	0.5293598086983496	0.3930661479559296
P0028	0.1	add_stress_excluded	HALLMARK_INFLAMMATORY_RESPONSE	0.2143038307486346	0.23467742970591873
P0028	0.1	add_stress_excluded	stress_excluded	0.5608400271539177	0.4187429809918012
P0030	0.1	add_stress_excluded	shared_remodelling	0.28543313795610015	0.3482029873759794
P0030	0.1	add_stress_excluded	HALLMARK_P53_PATHWAY	0.6376517177636989	0.28784686118014463
P0030	0.1	add_stress_excluded	HALLMARK_HYPOXIA	0.5431387578755006	0.4065416756259696
P0030	0.1	add_stress_excluded	HALLMARK_INFLAMMATORY_RESPONSE	0.20801858505327514	0.2249138479133614
P0030	0.1	add_stress_excluded	stress_excluded	0.5759424512395838	0.44053513659108884
P0031	0.1	add_stress_excluded	shared_remodelling	0.3582622568872756	0.418924313753173
P0031	0.1	add_stress_excluded	HALLMARK_P53_PATHWAY	0.6028044874096197	0.28458547816888746
P0031	0.1	add_stress_excluded	HALLMARK_HYPOXIA	0.500701967891824	0.3588539137807737
P0031	0.1	add_stress_excluded	HALLMARK_INFLAMMATORY_RESPONSE	0.21738870832462562	0.2470972324862219
P0031	0.1	add_stress_excluded	stress_excluded	0.53119423937929	0.41778112157654185
P0034	0.1	add_stress_excluded	shared_remodelling	0.1869209189004677	0.42823187459435186
P0034	0.1	add_stress_excluded	HALLMARK_P53_PATHWAY	0.4840749338761104	0.2964212619275371
P0034	0.1	add_stress_excluded	HALLMARK_HYPOXIA	0.5394988433670407	0.4133048851673749
P0034	0.1	add_stress_excluded	HALLMARK_INFLAMMATORY_RESPONSE	0.375781225285412	0.2491434431769603
P0034	0.1	add_stress_excluded	stress_excluded	0.5804090709742837	0.44942381362832673
P0006	10.0	shared_stress	shared_remodelling	0.042730240195739476	0.41542643371074206
P0006	10.0	shared_stress	HALLMARK_P53_PATHWAY	0.07082884108272525	0.2607619412984502
P0006	10.0	shared_stress	HALLMARK_HYPOXIA	0.06631266454081854	0.36638080014347957
P0006	10.0	shared_stress	HALLMARK_INFLAMMATORY_RESPONSE	0.05621771962609671	0.20751941708206986
P0018	10.0	shared_stress	shared_remodelling	0.05317464511945153	0.43550284714295506
P0018	10.0	shared_stress	HALLMARK_P53_PATHWAY	0.06969052579899507	0.2999154297195487
P0018	10.0	shared_stress	HALLMARK_HYPOXIA	0.06543279627379492	0.3869257067984495
P0018	10.0	shared_stress	HALLMARK_INFLAMMATORY_RESPONSE	0.05852200478959503	0.2442485874623273
P0019	10.0	shared_stress	shared_remodelling	0.04312857847610588	0.4003053727916374
P0019	10.0	shared_stress	HALLMARK_P53_PATHWAY	0.0689053576524578	0.2828851892903437
P0019	10.0	shared_stress	HALLMARK_HYPOXIA	0.0683522918869622	0.3947006092756676
P0019	10.0	shared_stress	HALLMARK_INFLAMMATORY_RESPONSE	0.05631507588824019	0.23914537136874206
P0020	10.0	shared_stress	shared_remodelling	0.042134686525169295	0.4071910072010474
P0020	10.0	shared_stress	HALLMARK_P53_PATHWAY	0.0696618556612238	0.28487663314010386
P0020	10.0	shared_stress	HALLMARK_HYPOXIA	0.06595780721813732	0.37762714653048046
P0020	10.0	shared_stress	HALLMARK_INFLAMMATORY_RESPONSE	0.05554256240226528	0.21440273543205202
P0028	10.0	shared_stress	shared_remodelling	0.04755450873906402	0.40969230477659774
P0028	10.0	shared_stress	HALLMARK_P53_PATHWAY	0.06886821710101361	0.29040421455727805
P0028	10.0	shared_stress	HALLMARK_HYPOXIA	0.06635373811541238	0.3930661479559296
P0028	10.0	shared_stress	HALLMARK_INFLAMMATORY_RESPONSE	0.05865968573049321	0.23467742970591873
P0030	10.0	shared_stress	shared_remodelling	0.041538064742263826	0.3482029873759794
P0030	10.0	shared_stress	HALLMARK_P53_PATHWAY	0.06957474220331784	0.28784686118014463
P0030	10.0	shared_stress	HALLMARK_HYPOXIA	0.06721512563476272	0.4065416756259696
P0030	10.0	shared_stress	HALLMARK_INFLAMMATORY_RESPONSE	0.05542025960801805	0.2249138479133614
P0031	10.0	shared_stress	shared_remodelling	0.05409602305020426	0.418924313753173
P0031	10.0	shared_stress	HALLMARK_P53_PATHWAY	0.06989647959116728	0.28458547816888746
P0031	10.0	shared_stress	HALLMARK_HYPOXIA	0.0674075340927192	0.3588539137807737
P0031	10.0	shared_stress	HALLMARK_INFLAMMATORY_RESPONSE	0.05849913890082228	0.2470972324862219
P0034	10.0	shared_stress	shared_remodelling	0.04427682027019575	0.42823187459435186
P0034	10.0	shared_stress	HALLMARK_P53_PATHWAY	0.0685925467725424	0.2964212619275371
P0034	10.0	shared_stress	HALLMARK_HYPOXIA	0.0690165012080544	0.4133048851673749
P0034	10.0	shared_stress	HALLMARK_INFLAMMATORY_RESPONSE	0.06379520218729544	0.2491434431769603
P0006	10.0	add_lesion	shared_remodelling	0.040256357094001965	0.41542643371074206
P0006	10.0	add_lesion	HALLMARK_P53_PATHWAY	0.06686001544129216	0.2607619412984502
P0006	10.0	add_lesion	HALLMARK_HYPOXIA	0.06231733110160152	0.36638080014347957
P0006	10.0	add_lesion	HALLMARK_INFLAMMATORY_RESPONSE	0.05248234197661234	0.20751941708206986
P0006	10.0	add_lesion	lesion_specific	0.06625869786554912	0.4320823523105579
P0018	10.0	add_lesion	shared_remodelling	0.0501339012089038	0.43550284714295506
P0018	10.0	add_lesion	HALLMARK_P53_PATHWAY	0.06567747620593019	0.2999154297195487
P0018	10.0	add_lesion	HALLMARK_HYPOXIA	0.06139208463821243	0.3869257067984495
P0018	10.0	add_lesion	HALLMARK_INFLAMMATORY_RESPONSE	0.05458299829919192	0.2442485874623273
P0018	10.0	add_lesion	lesion_specific	0.06549582968234477	0.4639479229186231
P0019	10.0	add_lesion	shared_remodelling	0.04047305439796782	0.4003053727916374
P0019	10.0	add_lesion	HALLMARK_P53_PATHWAY	0.06480609503028563	0.2828851892903437
P0019	10.0	add_lesion	HALLMARK_HYPOXIA	0.06411218522642818	0.3947006092756676
P0019	10.0	add_lesion	HALLMARK_INFLAMMATORY_RESPONSE	0.05238812817928558	0.23914537136874206
P0019	10.0	add_lesion	lesion_specific	0.06652083925672589	0.46492554569184436
P0020	10.0	add_lesion	shared_remodelling	0.03976429141360813	0.4071910072010474
P0020	10.0	add_lesion	HALLMARK_P53_PATHWAY	0.06560633970150771	0.28487663314010386
P0020	10.0	add_lesion	HALLMARK_HYPOXIA	0.06195894247007026	0.37762714653048046
P0020	10.0	add_lesion	HALLMARK_INFLAMMATORY_RESPONSE	0.05184356749188462	0.21440273543205202
P0020	10.0	add_lesion	lesion_specific	0.06625104269125698	0.43338200848268876
P0028	10.0	add_lesion	shared_remodelling	0.04473140014811473	0.40969230477659774
P0028	10.0	add_lesion	HALLMARK_P53_PATHWAY	0.06487265920093463	0.29040421455727805
P0028	10.0	add_lesion	HALLMARK_HYPOXIA	0.06227049906303544	0.3930661479559296
P0028	10.0	add_lesion	HALLMARK_INFLAMMATORY_RESPONSE	0.05462466202904711	0.23467742970591873
P0028	10.0	add_lesion	lesion_specific	0.06554924566877254	0.44623326501770216
P0030	10.0	add_lesion	shared_remodelling	0.03887402772218381	0.3482029873759794
P0030	10.0	add_lesion	HALLMARK_P53_PATHWAY	0.06554238219454667	0.28784686118014463
P0030	10.0	add_lesion	HALLMARK_HYPOXIA	0.06314658245458564	0.4065416756259696
P0030	10.0	add_lesion	HALLMARK_INFLAMMATORY_RESPONSE	0.05151755613014018	0.2249138479133614
P0030	10.0	add_lesion	lesion_specific	0.06607140432160526	0.47144057244884213
P0031	10.0	add_lesion	shared_remodelling	0.05098661201506293	0.418924313753173
P0031	10.0	add_lesion	HALLMARK_P53_PATHWAY	0.06575404706328351	0.28458547816888746
P0031	10.0	add_lesion	HALLMARK_HYPOXIA	0.06308524764623277	0.3588539137807737
P0031	10.0	add_lesion	HALLMARK_INFLAMMATORY_RESPONSE	0.05452438040649628	0.2470972324862219
P0031	10.0	add_lesion	lesion_specific	0.06613333052103337	0.4597898827143666
P0034	10.0	add_lesion	shared_remodelling	0.04153216943134437	0.42823187459435186
P0034	10.0	add_lesion	HALLMARK_P53_PATHWAY	0.06445702903138031	0.2964212619275371
P0034	10.0	add_lesion	HALLMARK_HYPOXIA	0.06483111219766309	0.4133048851673749
P0034	10.0	add_lesion	HALLMARK_INFLAMMATORY_RESPONSE	0.059725873759942275	0.2491434431769603
P0034	10.0	add_lesion	lesion_specific	0.0675129949716998	0.4849397282159015
P0006	10.0	add_stress_excluded	shared_remodelling	0.04051267420683129	0.41542643371074206
P0006	10.0	add_stress_excluded	HALLMARK_P53_PATHWAY	0.06674520598415036	0.2607619412984502
P0006	10.0	add_stress_excluded	HALLMARK_HYPOXIA	0.06210766490958095	0.36638080014347957
P0006	10.0	add_stress_excluded	HALLMARK_INFLAMMATORY_RESPONSE	0.05254963147076822	0.20751941708206986
P0006	10.0	add_stress_excluded	stress_excluded	0.06749296939072699	0.4006688530169289
P0018	10.0	add_stress_excluded	shared_remodelling	0.05024311902814739	0.43550284714295506
P0018	10.0	add_stress_excluded	HALLMARK_P53_PATHWAY	0.06554185927384157	0.2999154297195487
P0018	10.0	add_stress_excluded	HALLMARK_HYPOXIA	0.06122484020189115	0.3869257067984495
P0018	10.0	add_stress_excluded	HALLMARK_INFLAMMATORY_RESPONSE	0.05457882550055318	0.2442485874623273
P0018	10.0	add_stress_excluded	stress_excluded	0.06645255243534608	0.42056569082216466
P0019	10.0	add_stress_excluded	shared_remodelling	0.04084257984973801	0.4003053727916374
P0019	10.0	add_stress_excluded	HALLMARK_P53_PATHWAY	0.06483967060554871	0.2828851892903437
P0019	10.0	add_stress_excluded	HALLMARK_HYPOXIA	0.06401677128037238	0.3947006092756676
P0019	10.0	add_stress_excluded	HALLMARK_INFLAMMATORY_RESPONSE	0.05253365735314749	0.23914537136874206
P0019	10.0	add_stress_excluded	stress_excluded	0.06667116560789148	0.4293687416160855
P0020	10.0	add_stress_excluded	shared_remodelling	0.0399702132296346	0.4071910072010474
P0020	10.0	add_stress_excluded	HALLMARK_P53_PATHWAY	0.06553946388347723	0.28487663314010386
P0020	10.0	add_stress_excluded	HALLMARK_HYPOXIA	0.06175833529539332	0.37762714653048046
P0020	10.0	add_stress_excluded	HALLMARK_INFLAMMATORY_RESPONSE	0.05182940613249087	0.21440273543205202
P0020	10.0	add_stress_excluded	stress_excluded	0.06704204856264813	0.4168392720309306
P0028	10.0	add_stress_excluded	shared_remodelling	0.04499926139575518	0.40969230477659774
P0028	10.0	add_stress_excluded	HALLMARK_P53_PATHWAY	0.06479590642042232	0.29040421455727805
P0028	10.0	add_stress_excluded	HALLMARK_HYPOXIA	0.06211041812844229	0.3930661479559296
P0028	10.0	add_stress_excluded	HALLMARK_INFLAMMATORY_RESPONSE	0.05470405303186047	0.23467742970591873
P0028	10.0	add_stress_excluded	stress_excluded	0.06650261275773867	0.4187429809918012
P0030	10.0	add_stress_excluded	shared_remodelling	0.03906042044234421	0.3482029873759794
P0030	10.0	add_stress_excluded	HALLMARK_P53_PATHWAY	0.06540121148223885	0.28784686118014463
P0030	10.0	add_stress_excluded	HALLMARK_HYPOXIA	0.06294719311197171	0.4065416756259696
P0030	10.0	add_stress_excluded	HALLMARK_INFLAMMATORY_RESPONSE	0.05150793461474837	0.2249138479133614
P0030	10.0	add_stress_excluded	stress_excluded	0.06751060345497047	0.44053513659108884
P0031	10.0	add_stress_excluded	shared_remodelling	0.05112296024217293	0.418924313753173
P0031	10.0	add_stress_excluded	HALLMARK_P53_PATHWAY	0.06570672558979422	0.28458547816888746
P0031	10.0	add_stress_excluded	HALLMARK_HYPOXIA	0.06301246957956737	0.3588539137807737
P0031	10.0	add_stress_excluded	HALLMARK_INFLAMMATORY_RESPONSE	0.05454369480451267	0.2470972324862219
P0031	10.0	add_stress_excluded	stress_excluded	0.0665753840951003	0.41778112157654185
P0034	10.0	add_stress_excluded	shared_remodelling	0.04167398025802445	0.42823187459435186
P0034	10.0	add_stress_excluded	HALLMARK_P53_PATHWAY	0.06422988371025817	0.2964212619275371
P0034	10.0	add_stress_excluded	HALLMARK_HYPOXIA	0.06455893501970046	0.4133048851673749
P0034	10.0	add_stress_excluded	HALLMARK_INFLAMMATORY_RESPONSE	0.05970419993348926	0.2491434431769603
P0034	10.0	add_stress_excluded	stress_excluded	0.0697312845091851	0.44942381362832673
