normalization	target	gene	Cyto	IR	IR_minus_Cyto
CPM	EGFR	ABCA3	-0.575666955021	-0.341544954604	0.234122000417
CPM	EGFR	AGER	0.0485794420219	0.0155494013473	-0.0330300406746
CPM	EGFR	AQP5	0.0724870568503	-0.177844494652	-0.250331551503
CPM	EGFR	CAV1	0.436792154914	0.372849044547	-0.0639431103672
CPM	EGFR	CCL2	0.766584741988	0.776538769742	0.00995402775367
CPM	EGFR	CXCL10	0.0136755055538	0.552072787243	0.538397281689
CPM	EGFR	CXCL8	-0.264380530478	0.299033240873	0.563413771351
CPM	EGFR	EGFR	-1.29209172433	-1.22051839731	0.0715733270177
CPM	EGFR	ERBB2	0.473383644824	0.114487750916	-0.358895893908
CPM	EGFR	ERBB3	0.345163861116	0.0106488417013	-0.334515019414
CPM	EGFR	ERBB4	0.0960749688424	0.153624762938	0.0575497940959
CPM	EGFR	IL6	-1.38669598818	0.107372594541	1.49406858272
CPM	EGFR	NFKBIA	0.173404318982	0.0887646135874	-0.0846397053944
CPM	EGFR	PDPN	0	0.0215284754078	0.0215284754078
CPM	EGFR	SFTPA1	0	0	0
CPM	EGFR	SFTPB	-0.0216823596047	-0.017649864854	0.00403249475075
CPM	EGFR	SFTPC	0	0	0
CPM	EGFR	SLC34A2	-0.0445486688415	0.00685693671872	0.0514056055602
CPM	EGFR	SOCS3	-0.300098859954	-0.239795945835	0.0603029141194
CPM	ERBB3	ABCA3	-0.796974155252	-0.312911457507	0.484062697745
CPM	ERBB3	AGER	-0.121049926109	0.00631205056106	0.12736197667
CPM	ERBB3	AQP5	0.574641870118	0.369011521704	-0.205630348414
CPM	ERBB3	CAV1	0.528885434946	0.443867891743	-0.0850175432028
CPM	ERBB3	CCL2	0.43739693294	-0.0425218608382	-0.479918793778
CPM	ERBB3	CXCL10	-0.412889483098	-0.825552071086	-0.412662587988
CPM	ERBB3	CXCL8	-0.0214832444909	-0.633718808534	-0.612235564043
CPM	ERBB3	EGFR	-0.651545713501	-0.13214846227	0.519397251231
CPM	ERBB3	ERBB2	0.525793251238	0.195892905488	-0.32990034575
CPM	ERBB3	ERBB3	-0.264961978533	-0.899712635479	-0.634750656946
CPM	ERBB3	ERBB4	0.248878189274	-0.0643513796685	-0.313229568943
CPM	ERBB3	IL6	-1.41849748228	-0.417460143402	1.00103733888
CPM	ERBB3	NFKBIA	0.430898356541	0.0878045527068	-0.343093803835
CPM	ERBB3	PDPN	0	0	0
CPM	ERBB3	SFTPA1	0	0	0
CPM	ERBB3	SFTPB	-0.0216823596047	-0.00125318155526	0.0204291780495
CPM	ERBB3	SFTPC	0	0	0
CPM	ERBB3	SLC34A2	-0.0236544325512	-0.165521477586	-0.141867045035
CPM	ERBB3	SOCS3	0.116332609238	0.0386423217191	-0.0776902875187
positive_median_ratio_CPM	EGFR	ABCA3	-0.563133356919	-0.349437148717	0.213696208203
positive_median_ratio_CPM	EGFR	AGER	0.0587529251068	0.00689529025489	-0.0518576348519
positive_median_ratio_CPM	EGFR	AQP5	0.0754771240448	-0.173737706289	-0.249214830334
positive_median_ratio_CPM	EGFR	CAV1	0.450616133153	0.359585409475	-0.0910307236787
positive_median_ratio_CPM	EGFR	CCL2	0.773238717121	0.756963873603	-0.0162748435176
positive_median_ratio_CPM	EGFR	CXCL10	0.0195313457727	0.536715721673	0.517184375901
positive_median_ratio_CPM	EGFR	CXCL8	-0.252361662479	0.285694633452	0.538056295931
positive_median_ratio_CPM	EGFR	EGFR	-1.27829085094	-1.23355335279	0.0447374981461
positive_median_ratio_CPM	EGFR	ERBB2	0.487133417628	0.101293669387	-0.385839748242
positive_median_ratio_CPM	EGFR	ERBB3	0.358871157695	-0.00247570300531	-0.3613468607
positive_median_ratio_CPM	EGFR	ERBB4	0.096560424775	0.144178918592	0.0476184938169
positive_median_ratio_CPM	EGFR	IL6	-1.37386342024	0.0942392670908	1.46810268733
positive_median_ratio_CPM	EGFR	NFKBIA	0.187089946453	0.0755635170886	-0.111526429365
positive_median_ratio_CPM	EGFR	PDPN	0	0.0203248906201	0.0203248906201
positive_median_ratio_CPM	EGFR	SFTPA1	0	0	0
positive_median_ratio_CPM	EGFR	SFTPB	-0.0218169407711	-0.0167911053579	0.00502583541319
positive_median_ratio_CPM	EGFR	SFTPC	0	0	0
positive_median_ratio_CPM	EGFR	SLC34A2	-0.0440007018349	0.00179823829042	0.0457989401254
positive_median_ratio_CPM	EGFR	SOCS3	-0.286696605655	-0.25241380321	0.0342828024449
positive_median_ratio_CPM	ERBB3	ABCA3	-0.769086487827	-0.280305858486	0.488780629341
positive_median_ratio_CPM	ERBB3	AGER	-0.0990561681056	0.0300769766672	0.129133144773
positive_median_ratio_CPM	ERBB3	AQP5	0.589570682219	0.37325420984	-0.216316472378
positive_median_ratio_CPM	ERBB3	CAV1	0.562205573085	0.481155638978	-0.0810499341065
positive_median_ratio_CPM	ERBB3	CCL2	0.455098382984	-0.015387097869	-0.470485480853
positive_median_ratio_CPM	ERBB3	CXCL10	-0.405117876852	-0.789466926074	-0.384349049222
positive_median_ratio_CPM	ERBB3	CXCL8	0.00817272284109	-0.596651186337	-0.604823909178
positive_median_ratio_CPM	ERBB3	EGFR	-0.618262883281	-0.0948498821242	0.523413001157
positive_median_ratio_CPM	ERBB3	ERBB2	0.558933907573	0.232880784079	-0.326053123494
positive_median_ratio_CPM	ERBB3	ERBB3	-0.232059884147	-0.862392110387	-0.63033222624
positive_median_ratio_CPM	ERBB3	ERBB4	0.25424166503	-0.0554725320797	-0.30971419711
positive_median_ratio_CPM	ERBB3	IL6	-1.38829727817	-0.380515108774	1.0077821694
positive_median_ratio_CPM	ERBB3	NFKBIA	0.463972857273	0.124900732186	-0.339072125087
positive_median_ratio_CPM	ERBB3	PDPN	0	0	0
positive_median_ratio_CPM	ERBB3	SFTPA1	0	0	0
positive_median_ratio_CPM	ERBB3	SFTPB	-0.0218169407711	0.00054114961871	0.0223580903898
positive_median_ratio_CPM	ERBB3	SFTPC	0	0	0
positive_median_ratio_CPM	ERBB3	SLC34A2	-0.0227454092455	-0.149841974266	-0.127096565021
positive_median_ratio_CPM	ERBB3	SOCS3	0.148845636013	0.0751694378372	-0.0736761981762
