tissue,score,n_genes,observed_median_difference,null_mean,null_sd,null_q025,null_q975,empirical_two_sided_p,n_draws
CSF,proinflammatory_authors,57,0.0213346463396202,0.017389353955192664,0.010360134170489744,-0.0035077935532330795,0.037466509343723045,0.702,1000
CSF,proinflammatory_all,100,0.033775772234666074,0.017217471470741288,0.008094662915693097,0.0005754994295676129,0.032799254731085546,0.042,1000
CSF,proregulatory_authors,24,0.03141516202923446,0.017843791274547327,0.015273184192626498,-0.011720958201736782,0.04937279024253727,0.378,1000
CSF,proregulatory_all,57,0.03783688310350794,0.017395540957794373,0.010412755862707474,-0.0019483609040905328,0.0382705118651223,0.049,1000
CSF,activation,10,-0.07208389882813551,0.016798441356928456,0.023585487141781002,-0.028868476757974753,0.06379049234505166,0.001,1000
CSF,proliferation,10,0.017177706755724956,0.0186452339286597,0.022977832668228504,-0.02844318075280918,0.06432405343378433,0.932,1000
CSF,S3_Th17n_EGCG,781,0.005596861479909944,0.015788596269261237,0.002198867995308789,0.011529134845668006,0.019861380810033424,0.0,1000
CSF,R3_Th17n_Div1_EGCG,407,0.017877916428330084,0.016298682846186154,0.003682892445226769,0.009247025929927448,0.02339328087728353,0.696,1000
CSF,programme_N1,36,0.015882580196314666,0.01795908585863211,0.012534909285029257,-0.006823905244389723,0.0417695102223281,0.86,1000
CSF,programme_N2,73,-0.0022798690021778355,0.01749103794251825,0.009483609887568172,-0.0012376703997748287,0.037142038465128036,0.042,1000
CSF,programme_N3,25,-0.04883459184142244,0.018565490721719414,0.015053082653522147,-0.010292096296129087,0.04760348002235938,0.0,1000
CSF,programme_P1,27,-0.03153151545721379,0.017814766576670183,0.01403244279457213,-0.01003439423896186,0.04442055227889105,0.0,1000
CSF,programme_P2,78,0.011235825921185992,0.018004132809628558,0.00917994927411955,-0.0001282837809533644,0.03579590324550415,0.47,1000
CSF,programme_P3,44,0.029022659169021713,0.018061072866415312,0.011810206174001176,-0.0055836929036019315,0.04106444931762006,0.351,1000
CSF,programme_P4,85,0.027832023683663134,0.017499062649960567,0.008892020214442405,0.00048463789599955217,0.03492125019277205,0.243,1000
PBMCs,proinflammatory_authors,57,0.0416858324877047,0.0329054838339535,0.01438494620033473,-0.003007418786841007,0.058583648979593936,0.506,1000
PBMCs,proinflammatory_all,100,0.05193633927267688,0.03361117890300243,0.010650947284836761,0.011344241877212273,0.05324186274383593,0.079,1000
PBMCs,proregulatory_authors,24,0.05804343486527565,0.03132885813119448,0.0220034010605581,-0.03401724943370557,0.0702987189462043,0.175,1000
PBMCs,proregulatory_all,57,0.05411960776508744,0.03436494366945976,0.01373174416903484,0.0011720641775989102,0.05918515092632949,0.128,1000
PBMCs,activation,10,-0.18235946764244365,0.03316531040097405,0.029908972152344733,-0.028411425073259514,0.08827085082063935,0.001,1000
PBMCs,proliferation,10,0.04782849221440221,0.03113267446123581,0.03161874754038092,-0.03022244613462881,0.08537459383501687,0.444,1000
PBMCs,S3_Th17n_EGCG,781,0.015337819460099744,0.03608575558159191,0.0029226065766580446,0.03062630765960853,0.04154962402801157,0.0,1000
PBMCs,R3_Th17n_Div1_EGCG,407,0.036986909240616636,0.035386750910866877,0.004812534265516906,0.02601386866661301,0.04532762832769809,0.742,1000
PBMCs,programme_N1,36,0.06048747126908982,0.031919041220016216,0.018204363348381925,-0.013459658857900582,0.06258887958217425,0.094,1000
PBMCs,programme_N2,73,0.019867507244838684,0.03316302469455381,0.012392608422622887,0.002347116953006239,0.054697007980676796,0.227,1000
PBMCs,programme_N3,25,0.00703308905087302,0.03413980882382841,0.02015605641359026,-0.006380951670485072,0.07222677494332574,0.132,1000
PBMCs,programme_P1,27,-6.011587551642966e-05,0.03208594989588832,0.020176133869277933,-0.020640515634781927,0.06855374443565088,0.088,1000
PBMCs,programme_P2,78,0.019900995869176832,0.03392351991972597,0.01234437402927711,0.006799468120499618,0.055854656271063084,0.225,1000
PBMCs,programme_P3,44,-0.008406477496918134,0.03231108940879567,0.01529169736045981,-0.005336232026268132,0.05926294732875061,0.02,1000
PBMCs,programme_P4,85,0.05869737334969004,0.03357710430046478,0.011020775656221417,0.010528213880067156,0.055498789138545904,0.031,1000
