subject,condition,epithelial,fibroblast,myeloid,complete_50,complete_30,complete_100
Donor 1,donor,2249,12,2466,False,False,False
Donor 2,donor,1980,45,1080,False,True,False
Donor 3,donor,1705,30,2595,False,True,False
Donor 4,donor,3006,25,1477,False,False,False
Donor 5,donor,2707,52,1595,True,True,False
Donor 6,donor,1473,36,1468,False,True,False
Donor 7,donor,4197,71,1551,True,True,False
Donor 8,donor,3299,32,2464,False,True,False
HP,fibrosis,475,26,991,False,False,False
IPF 1,fibrosis,163,32,714,False,True,False
IPF 2,fibrosis,25,72,552,False,False,False
IPF 3,fibrosis,298,28,1983,False,False,False
IPF 4,fibrosis,1808,11,2857,False,False,False
PM-ILD,fibrosis,140,95,3048,True,True,False
SSc-ILD 1,fibrosis,750,13,3053,False,False,False
SSc-ILD 2,fibrosis,2311,33,3186,False,True,False
