dataset	mouse_id	age_months	sex	total_cells	common_cells	covered_fraction	omitted_cells	n_common_types
Lung_facs	24_58_M	24	male	445	417	0.937078651685393	28	8
Lung_facs	24_59_M	24	male	462	422	0.913419913419913	40	8
Lung_facs	24_60_M	24	male	568	534	0.940140845070423	34	8
Lung_facs	24_61_M	24	male	585	540	0.923076923076923	45	8
Lung_facs	3_10_M	3	male	128	121	0.9453125	7	8
Lung_facs	3_11_M	3	male	126	123	0.976190476190476	3	8
Lung_facs	3_38_F	3	female	414	400	0.966183574879227	14	8
Lung_facs	3_39_F	3	female	365	357	0.978082191780822	8	8
Lung_facs	3_8_M	3	male	237	230	0.970464135021097	7	8
Lung_facs	3_9_M	3	male	202	200	0.99009900990099	2	8
Bladder_droplet	24-M-58	24	male	1381	1381	1	0	4
Bladder_droplet	24-M-59	24	male	1034	1034	1	0	4
Bladder_droplet	24-M-60	24	male	937	937	1	0	4
Bladder_droplet	3-F-56	3	female	568	568	1	0	4
Bladder_droplet	3-M-8	3	male	143	143	1	0	4
Bladder_droplet	3-M-9	3	male	1783	1783	1	0	4
Kidney_droplet	24-M-58	24	male	2261	2157	0.954002653693056	104	4
Kidney_droplet	24-M-59	24	male	2392	2280	0.953177257525084	112	4
Kidney_droplet	3-F-57	3	female	1020	81	0.0794117647058823	939	4
Kidney_droplet	3-M-8	3	male	485	39	0.0804123711340206	446	4
Kidney_droplet	3-M-9	3	male	595	67	0.112605042016807	528	4
