panel	accession	arm	n_genes	mean_log2CPM	mean_gene_z
Wnt	GSM6369132	Wnt	4	-0.507309713995779	-0.616079191734658
Wnt	GSM6369133	Wnt	4	0.334963027746756	-0.41355798419961
Wnt	GSM6369134	Wnt	4	0.124170431249546	-0.550474590723333
Wnt	GSM6369135	withdraw48	4	-0.758297774349109	-0.815158851281578
Wnt	GSM6369136	withdraw48	4	-0.579049538055033	-0.708504867004778
Wnt	GSM6369137	withdraw48	4	-0.124436183469518	-0.609916599089078
Wnt	GSM6369138	withdraw24	4	1.88701221356078	0.354439564472304
Wnt	GSM6369139	withdraw24	4	-3.5648469835817	-2.44060036520483
Wnt	GSM6369140	withdraw24	4	2.02151175473029	0.456451534922957
Wnt	GSM6369141	CHIR	4	3.45018221714624	1.18451182482302
Wnt	GSM6369142	CHIR	4	4.10657682374332	1.41197267584542
Wnt	GSM6369143	CHIR	4	1.2329214246922	-0.227234738785869
Wnt	GSM6369144	Fzd6	4	2.02634294635049	0.230571226311622
Wnt	GSM6369145	Fzd6	4	2.14392210844065	0.530530560555759
Wnt	GSM6369146	Fzd6	4	2.22366122167413	0.532712378198593
Wnt	GSM6369147	Fzd5	4	2.21086247378088	0.564507952329707
Wnt	GSM6369148	Fzd5	4	2.23662967227015	0.547942091386871
Wnt	GSM6369149	Fzd5	4	2.26152818148693	0.567887379177485
proliferation	GSM6369132	Wnt	4	5.28834291664463	-0.278445418962881
proliferation	GSM6369133	Wnt	4	5.04517793615942	-0.609228846574296
proliferation	GSM6369134	Wnt	4	5.0113021181057	-0.647688986108717
proliferation	GSM6369135	withdraw48	4	4.80235913097238	-0.866972292019152
proliferation	GSM6369136	withdraw48	4	5.16576994430214	-0.310770149813229
proliferation	GSM6369137	withdraw48	4	4.9815287965655	-0.578076330454934
proliferation	GSM6369138	withdraw24	4	5.85335131353615	0.419692202483198
proliferation	GSM6369139	withdraw24	4	4.09271737736715	-1.17836031434691
proliferation	GSM6369140	withdraw24	4	6.13434571670944	0.787582173025233
proliferation	GSM6369141	CHIR	4	6.73150346319533	1.57214209480767
proliferation	GSM6369142	CHIR	4	6.49041894308599	1.17616146086508
proliferation	GSM6369143	CHIR	4	3.86556518450253	-1.77001806795439
proliferation	GSM6369144	Fzd6	4	4.57358179001055	-0.982547282970968
proliferation	GSM6369145	Fzd6	4	6.16747249081776	0.762142411116717
proliferation	GSM6369146	Fzd6	4	5.98951576094501	0.559996184024863
proliferation	GSM6369147	Fzd5	4	5.86144976951437	0.417176684052477
proliferation	GSM6369148	Fzd5	4	6.20964225383373	0.829098426976307
proliferation	GSM6369149	Fzd5	4	6.07220300528655	0.698116051853937
AT2	GSM6369132	Wnt	4	7.99099043260284	-0.154792014853048
AT2	GSM6369133	Wnt	4	7.95296838813861	-0.600657886332238
AT2	GSM6369134	Wnt	4	7.7897709862846	-0.447844566622183
AT2	GSM6369135	withdraw48	4	7.85553093539805	-0.55790277009017
AT2	GSM6369136	withdraw48	4	7.03501893342911	-0.904488398744816
AT2	GSM6369137	withdraw48	4	7.57378773588432	-0.646325485107568
AT2	GSM6369138	withdraw24	4	9.28463908324526	0.823000631127584
AT2	GSM6369139	withdraw24	4	7.35349974520111	-1.17859240897492
AT2	GSM6369140	withdraw24	4	9.09143810441323	0.574725088122581
AT2	GSM6369141	CHIR	4	8.89130628120067	0.315545158873445
AT2	GSM6369142	CHIR	4	9.2283287155258	0.415907323354667
AT2	GSM6369143	CHIR	4	7.68426517888344	-1.38526041795586
AT2	GSM6369144	Fzd6	4	9.28319900697581	0.396085758501703
AT2	GSM6369145	Fzd6	4	9.34902168968668	0.88718669808563
AT2	GSM6369146	Fzd6	4	9.26321013418169	0.82514184194834
AT2	GSM6369147	Fzd5	4	8.84527602236758	0.295788844257472
AT2	GSM6369148	Fzd5	4	9.16820178583959	0.566355766309385
AT2	GSM6369149	Fzd5	4	9.10520963141476	0.776126838099973
AT1	GSM6369132	Wnt	4	6.90821349664039	0.727590248722998
AT1	GSM6369133	Wnt	4	6.66770513669942	0.645640217645595
AT1	GSM6369134	Wnt	4	6.71923361267132	0.667734709701653
AT1	GSM6369135	withdraw48	4	7.0459727730646	0.832690751300025
AT1	GSM6369136	withdraw48	4	7.1275497435555	0.853054629837374
AT1	GSM6369137	withdraw48	4	6.69326576686778	0.634866612859511
AT1	GSM6369138	withdraw24	4	5.49566106155982	-0.182933147194823
AT1	GSM6369139	withdraw24	4	1.86176959319355	-1.20495891489897
AT1	GSM6369140	withdraw24	4	5.25205048281664	-0.359124316697098
AT1	GSM6369141	CHIR	4	3.81072016426825	-1.27295066610906
AT1	GSM6369142	CHIR	4	4.2507416613311	-1.26240897804244
AT1	GSM6369143	CHIR	4	3.99822962686992	-0.984647493873264
AT1	GSM6369144	Fzd6	4	4.20285475429842	-0.951891330443218
AT1	GSM6369145	Fzd6	4	6.33760706807239	0.293077405760454
AT1	GSM6369146	Fzd6	4	6.28309588460167	0.259985979990521
AT1	GSM6369147	Fzd5	4	7.45536647588903	0.98940095608906
AT1	GSM6369148	Fzd5	4	6.18535553245879	0.151676200656014
AT1	GSM6369149	Fzd5	4	6.07808039908816	0.163197134695654
Hippo_associated	GSM6369132	Wnt	3	6.42124015018775	-0.0518895671949686
Hippo_associated	GSM6369133	Wnt	3	6.84196775628074	0.435255734200608
Hippo_associated	GSM6369134	Wnt	3	6.66802846251557	0.239750786693008
Hippo_associated	GSM6369135	withdraw48	3	6.68776072011211	0.254249227162297
Hippo_associated	GSM6369136	withdraw48	3	6.58897509917712	0.151070831832351
Hippo_associated	GSM6369137	withdraw48	3	6.59083386534454	0.14813657464282
Hippo_associated	GSM6369138	withdraw24	3	7.05192185229225	0.679489503277665
Hippo_associated	GSM6369139	withdraw24	3	4.46529049776766	-2.17630519212519
Hippo_associated	GSM6369140	withdraw24	3	6.75284057568616	0.349477099371743
Hippo_associated	GSM6369141	CHIR	3	4.71789043115716	-1.98157071072911
Hippo_associated	GSM6369142	CHIR	3	5.99388314717338	-0.490429430581009
Hippo_associated	GSM6369143	CHIR	3	5.45333505936044	-1.13917172575147
Hippo_associated	GSM6369144	Fzd6	3	5.73235192264355	-0.792162967647074
Hippo_associated	GSM6369145	Fzd6	3	7.24544366404039	0.896038023979855
Hippo_associated	GSM6369146	Fzd6	3	7.12540541267999	0.749103558604383
Hippo_associated	GSM6369147	Fzd5	3	7.32629887605956	1.01869102408937
Hippo_associated	GSM6369148	Fzd5	3	7.29977148034309	0.938126469984574
Hippo_associated	GSM6369149	Fzd5	3	7.14956889412023	0.772140760190146
