contrast	absolute_log2FC_gt	up	down	caption_raw_p001	caption_FDR001	tested_genes
CHIR_vs_withdraw48	1	152	209	399	1	16534
CHIR_vs_withdraw48	2	30	81	399	1	16534
Fzd5_vs_CHIR	1	1	0	145	0	16534
Fzd5_vs_CHIR	2	1	0	145	0	16534
Fzd5_vs_Wnt	1	0	0	22	0	16534
Fzd5_vs_Wnt	2	0	0	22	0	16534
Fzd5_vs_withdraw48	1	0	0	17	0	16534
Fzd5_vs_withdraw48	2	0	0	17	0	16534
Fzd6_vs_CHIR	1	1	0	24	0	16534
Fzd6_vs_CHIR	2	0	0	24	0	16534
Fzd6_vs_Fzd5	1	0	0	1	0	16534
Fzd6_vs_Fzd5	2	0	0	1	0	16534
Fzd6_vs_Wnt	1	0	1	31	0	16534
Fzd6_vs_Wnt	2	0	1	31	0	16534
Fzd6_vs_withdraw48	1	2	1	32	0	16534
Fzd6_vs_withdraw48	2	2	1	32	0	16534
Wnt_vs_withdraw48	1	0	0	0	0	16534
Wnt_vs_withdraw48	2	0	0	0	0	16534
withdraw24_vs_withdraw48	1	1	8	70	0	16534
withdraw24_vs_withdraw48	2	0	3	70	0	16534
