archive_member,bytes,sha256
ibordeu-scripts_England_et_al_2025_git-ed4ef3c/.gitattributes,66,1a1dbe176bc233b499d35a57db7513f2941c99ab9759f177830c9149be99005b
ibordeu-scripts_England_et_al_2025_git-ed4ef3c/README.md,1582,3bff6d82abd336ca834c3502bc742a7d0786f95a07647b0c4644f3e8d8104d04
ibordeu-scripts_England_et_al_2025_git-ed4ef3c/data/all_ds.mat,179304,4afbc7719bc87cbab7c01601d07d5a97a1b829b34f95c30f62eac838319f7611
ibordeu-scripts_England_et_al_2025_git-ed4ef3c/data/all_nv_cent.mat,25994,bc3025ae131637c1538aa47d8873d9b7b67282b9811c109f50ada078ff723c9d
ibordeu-scripts_England_et_al_2025_git-ed4ef3c/data/all_nv_cent_spc.mat,22277,8c5479485a5cff60150b369c422561bbac58641358e61a0ba0940dc72cc88f38
ibordeu-scripts_England_et_al_2025_git-ed4ef3c/data/all_nv_neigh.mat,10282,8bc8f40f34af7e07c0ef34b78345220a8846dee0e7ed7df1a2be1593892b09eb
ibordeu-scripts_England_et_al_2025_git-ed4ef3c/data/all_nv_neigh_spc.mat,10183,0a9ffada258170143ec6b50686fdf8cbe78ce76409ef67c87ab5acaf62f7ad84
ibordeu-scripts_England_et_al_2025_git-ed4ef3c/data/chlbls.mat,198,dc20ca3284705a4f460d876ed8792f15c583b052442a29c63a69a543ac5bce70
ibordeu-scripts_England_et_al_2025_git-ed4ef3c/data/clone_sizes_SPC_pos.mat,63843,d3b55cb1f0b396f70e89d149331c746cfbf298e4b06bf6bf8cae9cc4776f61b1
ibordeu-scripts_England_et_al_2025_git-ed4ef3c/data/clone_sizes_total.mat,66575,c54be7c2781ff4a595da43a493f40cef8344fd8999210fa010c2bf72977e63bb
ibordeu-scripts_England_et_al_2025_git-ed4ef3c/data/datasets.mat,265,28d08cc19c9a2468e9bab02477ffa691369fd8163504a3db05a4187ee1ae74da
ibordeu-scripts_England_et_al_2025_git-ed4ef3c/data/lobe_area_total.mat,1709,8777e5d9436eb1be62cad4b1e9c900e3fa4da600900c42eaa6d4113573dde321
ibordeu-scripts_England_et_al_2025_git-ed4ef3c/data/store_sections.mat,277,21f87790ed56816c70b4e92b526c67b02b3e9ca06b9760a70bb466b1e7604460
ibordeu-scripts_England_et_al_2025_git-ed4ef3c/data/t0.mat,214,2f47080407ba3b37ffe444da15bc80b4ef67726b889667e68d5093137ec0f15e
ibordeu-scripts_England_et_al_2025_git-ed4ef3c/data/time_points.mat,221,380aa6c87e5fc12155e39b7031cafbb42fa31a3ad5c7b721c86ead2221083fa0
ibordeu-scripts_England_et_al_2025_git-ed4ef3c/data_analysis.m,86126,75a1269416ee6936f7b52edd8f7fb2287988f000c204a2c2770b68e95e1bf586
ibordeu-scripts_England_et_al_2025_git-ed4ef3c/plots/errorbar_csdist_wo_cs1_conf12w.fig,33058,4b014c0804369f9dc562dc99b6bdcc0d9376592620eceab55d8645c2ecb4b971
ibordeu-scripts_England_et_al_2025_git-ed4ef3c/plots/errorbar_csdist_wo_cs1_conf24w.fig,31419,369f7ed2516104d2a382f274056c66fe4081a1ae8a03330c3a78ffe5cf805146
ibordeu-scripts_England_et_al_2025_git-ed4ef3c/plots/errorbar_csdist_wo_cs1_conf36w.fig,32521,31d7fb69b809714d88bbda791a69fdbcf5521b8771ad1bbfcf34ad49852df091
ibordeu-scripts_England_et_al_2025_git-ed4ef3c/plots/errorbar_csdist_wo_cs1_conf52w.fig,32978,61af639ad87b9c861abdd13e9d85b2c77a8ee57f65d873f50c615568d29adf15
ibordeu-scripts_England_et_al_2025_git-ed4ef3c/plots/errorbar_csdist_wo_cs1_conf60w.fig,35489,87948e5120b3980ea2dd52b92080f67ed043cd20c3bbec5260560b851ba6e41a
ibordeu-scripts_England_et_al_2025_git-ed4ef3c/plots/errorbar_csdist_wo_cs1_conf72w.fig,36955,c02e1a6503213566539a78dc3c3b8e00b99b985b196c1c73aaa5903ef6e6365c
ibordeu-scripts_England_et_al_2025_git-ed4ef3c/plots/errorbar_csdist_wo_cs1_kras1w_ch_RFP.fig,49648,cc2666ead4fac2beb0a8d2662d3ffcb1ab2e47002902cdca63e1e992b6af4d70
ibordeu-scripts_England_et_al_2025_git-ed4ef3c/plots/errorbar_csdist_wo_cs1_kras1w_ch_YFP.fig,36029,7acdac57696ab667696d3fc962b6a2bd7a0edf7a776d2e1b560adb78247b5986
ibordeu-scripts_England_et_al_2025_git-ed4ef3c/plots/errorbar_csdist_wo_cs1_kras2w_ch_RFP.fig,176113,b59752d47886fbcdb8d9bab94fc415a8541e1338e7810558138148c58dce3737
ibordeu-scripts_England_et_al_2025_git-ed4ef3c/plots/errorbar_csdist_wo_cs1_kras2w_ch_YFP.fig,36558,2386f802ac53ac19ab7b9575c8dda5e0cd1101e696b31be88e204cbf7289e3c2
ibordeu-scripts_England_et_al_2025_git-ed4ef3c/plots/errorbar_csdist_wo_cs1_kras4d_ch_RFP.fig,31262,8ec07ea9c504a16d7e8cd0d5befcb3180b04d49c828a485626babcf412a963c0
ibordeu-scripts_England_et_al_2025_git-ed4ef3c/plots/errorbar_csdist_wo_cs1_kras4d_ch_YFP.fig,31132,e4e783053830916d0f824c6478fc9c0d9ecaa57a0d63fc47d1195e00b0cb199f
ibordeu-scripts_England_et_al_2025_git-ed4ef3c/plots/errorbar_csdist_wo_cs1_kras4w_ch_RFP.fig,606464,00996a11caa27047bfb1889302d10b0f7b294b4043cb75c5ae8450ab8fa354db
ibordeu-scripts_England_et_al_2025_git-ed4ef3c/plots/errorbar_csdist_wo_cs1_kras4w_ch_YFP.fig,36526,159cf1638672773c2fd214a10ceb995c04eff71e604feba95b66c1a0a60ac9ec
ibordeu-scripts_England_et_al_2025_git-ed4ef3c/sim_two_pop_model.m,16300,78f7157b8a01d1a8a785c479d33ad1c2c03eb902452f577e10f9e7e006008065
ibordeu-scripts_England_et_al_2025_git-ed4ef3c/utils/Violin.m,31652,76f18d2006d91dc5898ee130ebdfaa19a91201fd5df054830c78c63396778188
ibordeu-scripts_England_et_al_2025_git-ed4ef3c/utils/densityScatterChart.m,21059,2400878a4164f625d0e442a4d64309bfe882cb0797aa81de7fc927d247c22fb2
ibordeu-scripts_England_et_al_2025_git-ed4ef3c/utils/violinplot.m,7521,52ec435811b8fcce92c1d4c881fd0b52478d74976e916ffece71123000e2b326
