species	program	required_genes	missing_genes	eligible
mouse	AT2_figure3	Sftpb;Sftpc;Sftpd;Abca3		TRUE
mouse	transition_figure3	Krt8;Sprr1a;Clu		TRUE
mouse	IFN_figure3	Zbp1;Irf7;Isg15;Ifit1;Ifitm3		TRUE
mouse	hypoxia_figure3	Ndrg1;Ndrg2;Aldoa;Hilpda		TRUE
mouse	gastric_maintext	Hnf4a;Onecut2;Vsig1;Tff1		TRUE
mouse	Wnt_maintext	Sox9;Axin2;Ctnnd2;Tgfb3;Tcf7		TRUE
mouse	AT1_maintext	Rtkn2;Spock2;Cav1;Hopx;Aqp5		TRUE
mouse	receptor_Egfr	Egfr		TRUE
mouse	receptor_Erbb2	Erbb2		TRUE
mouse	receptor_Erbb3	Erbb3		TRUE
mouse	receptor_Erbb4	Erbb4		TRUE
