species	target	status	source_genes	common_genes	pearson_logFC	spearman_logFC	sign_agreement	median_abs_logFC_difference	source_q05_in_common	both_q05_AveExpr_pass
mouse	ACOXL	source_selected_comparison	5136	5136	0.9041166605046265	0.8037925685297814	0.8060747663551402	0.16250988189798724	0	0
mouse	ACP6	source_selected_comparison	5136	5136	0.9572213545422082	0.9528015782638206	0.9154984423676013	0.04737957539859	1	0
mouse	ADK	source_selected_comparison	5136	5136	0.9153734225897893	0.8876126318614965	0.8498831775700935	0.08398189542869647	1	1
mouse	AGER	source_selected_comparison	5136	5136	0.9386307701467209	0.9345051255846961	0.8744158878504673	0.09860477914247075	12	5
mouse	ANK3	source_selected_comparison	5136	5136	0.9676397166537337	0.9644511732354168	0.9264018691588785	0.08451662212646499	0	0
mouse	ANTXR1	source_selected_comparison	5136	5136	0.8843506840350571	0.8503724619612039	0.822429906542056	0.11018172315630936	0	0
mouse	APC	source_selected_comparison	5136	5136	0.9947508215429675	0.9918229454510991	0.967873831775701	0.05663157993655503	1641	990
mouse	AREG	source_selected_comparison	5136	5136	0.9402834788331094	0.9246517758244776	0.8929127725856698	0.06454976326522155	1	0
mouse	ATF6	source_selected_comparison	5136	5136	0.9730461880587791	0.9590312774463247	0.9034267912772586	0.060053093313120844	106	5
mouse	ATG16L1	source_selected_comparison	5136	5136	0.9835591317688533	0.9796341960748955	0.948208722741433	0.0497614211530575	402	253
mouse	ATP11A	source_selected_comparison	5136	5136	0.9224603649184234	0.9175245949115876	0.8870716510903427	0.1339894397241605	0	0
mouse	ATP6V0E	source_selected_comparison	5136	5136	0.9685992762322058	0.9561687219254659	0.9063473520249221	0.0813912768777374	117	50
mouse	ATP6V1C2	source_selected_comparison	5136	5136	0.9547100504671253	0.9494291344230839	0.911993769470405	0.07585349467344002	1	0
mouse	BAP1	source_selected_comparison	5136	5136	0.9680933604673482	0.9641425686049808	0.9225077881619937	0.0785754394224425	6	2
mouse	BDNF	source_selected_comparison	5136	5136	0.9790392068438303	0.9797128897264271	0.9517133956386293	0.03785144008819798	113	3
mouse	BECN1	source_selected_comparison	5136	5136	0.9934826251228959	0.9909307871083665	0.967873831775701	0.04155888442079952	1709	1274
mouse	BMP10	source_selected_comparison	5136	5136	0.9823889572952044	0.9808772038823405	0.9355529595015576	0.04189579623811214	7	0
mouse	BMP2	source_selected_comparison	5136	5136	0.9580142718087044	0.9505720071185217	0.911993769470405	0.07046628960534952	0	0
mouse	CACNA2D3	source_selected_comparison	5136	5136	0.9666100850690971	0.9575144025783549	0.9269859813084113	0.03801467556768401	0	0
mouse	CAPN1	source_selected_comparison	5136	5136	0.9573321140249016	0.9525584495652774	0.9102414330218068	0.0854646701716477	1	0
mouse	CCBE1	source_selected_comparison	5136	5136	0.9612464186809149	0.9577498160393481	0.9277647975077882	0.03361876890388195	8	1
mouse	CCN2	source_selected_comparison	5136	5136	0.9285835353244108	0.9182032095094143	0.8837616822429907	0.0767047695638795	0	0
mouse	CD36	source_selected_comparison	5136	5136	0.9383365866522517	0.9176054438304112	0.8820093457943925	0.056238920658890496	2	0
mouse	CD81	source_selected_comparison	5136	5136	0.856311273389071	0.8399503753228126	0.8294392523364486	0.11865517067021449	1	0
mouse	CDKN2B	source_selected_comparison	5136	5136	0.9760887638318155	0.9734793456325272	0.9411993769470405	0.045677184037773	258	94
mouse	CELSR1	source_selected_comparison	5136	5136	0.9335543436290583	0.9277329715718721	0.8948598130841121	0.070035457859169	0	0
mouse	CELSR2	source_selected_comparison	5136	5136	0.9236105601202546	0.9226974763478788	0.8810358255451713	0.1177219131080805	8	1
mouse	CELSR3	source_selected_comparison	5136	5136	0.9775245058480738	0.9759934094431102	0.9184190031152648	0.052347168961507456	1	0
mouse	CHAT	source_selected_comparison	5136	5136	0.9674462789494405	0.9627953135493886	0.9242601246105919	0.07198061047361651	1	1
mouse	CHRM3	source_selected_comparison	5136	5136	0.9252176902190831	0.8965524857154376	0.8709112149532711	0.07939570639016902	0	0
mouse	CHRNA3	source_selected_comparison	5136	5136	0.9380540262796858	0.9094646953218636	0.8691588785046729	0.08113323813639733	0	0
mouse	CHRNA5	source_selected_comparison	5136	5136	0.9512051522653927	0.9294219316037906	0.8911604361370716	0.07505080491549351	5	5
mouse	CISH	source_selected_comparison	5136	5136	0.9153030618675444	0.8972551468234108	0.8454049844236761	0.09943886869193501	0	0
mouse	CRELD1	source_selected_comparison	5136	5136	0.9581581837155562	0.9428872144865428	0.8866822429906542	0.052047410658119936	11	0
mouse	CRISPLD2	source_selected_comparison	5136	5136	0.9635977103977746	0.9597985820678504	0.9262071651090342	0.0495988726621303	8	0
mouse	CSF1R	source_selected_comparison	5136	5136	0.9559546451124986	0.9332135724951992	0.889797507788162	0.05115213301001541	2	0
mouse	CSNK1A1	source_selected_comparison	5136	5136	0.9826739397499378	0.980557886847622	0.9470404984423676	0.1115676760145295	447	325
mouse	CSNK2A1	source_selected_comparison	5136	5136	0.9779273679539064	0.969725907587711	0.9281542056074766	0.080906849655926	600	426
mouse	CTCF	source_selected_comparison	5136	5136	0.9719734120059439	0.9624970489565131	0.9045950155763239	0.05511429595643935	16	2
mouse	CTNNB1	source_selected_comparison	5136	5136	0.9906317951025663	0.9874196813921594	0.9519080996884736	0.048202879942063015	512	277
mouse	CTSH	source_selected_comparison	5136	5136	0.9367892972531623	0.9242161554698746	0.8886292834890965	0.09086073472842449	2	2
mouse	CXADR	source_selected_comparison	5136	5136	0.9498110775878953	0.935209493336342	0.8989485981308412	0.06283555703390087	1	0
mouse	DMBT1	source_selected_comparison	5136	5136	0.960716840198257	0.945063901112892	0.9110202492211839	0.06388739060588003	0	0
mouse	DRAM1	source_selected_comparison	5136	5136	0.9799848910505259	0.9788017354507693	0.9369158878504673	0.10278456143583406	864	529
mouse	DSP	source_selected_comparison	5136	5136	0.9487683322856663	0.9373573730433591	0.8952492211838006	0.08335462140587102	0	0
mouse	DVL1	source_selected_comparison	5136	5136	0.982273185558931	0.9701393239470216	0.9258177570093458	0.036651918321152485	7	0
mouse	DVL2	source_selected_comparison	5136	5136	0.9661396730192593	0.9635419207319356	0.9205607476635514	0.051107433241387265	3	0
mouse	DVL3	source_selected_comparison	5136	5136	0.9649711248290066	0.953808549047325	0.9080996884735203	0.05163488293855199	1	0
mouse	EGFL6	source_selected_comparison	5136	5136	0.932911693451331	0.9235011668994536	0.8919392523364486	0.07717353839121546	1	0
mouse	EGFR	source_selected_comparison	5136	5136	0.9412182194349962	0.9120584121277082	0.8695482866043613	0.08287458104703999	0	0
mouse	EIF2AK3	source_selected_comparison	5136	5136	0.9429586448711319	0.9232888448552539	0.8903816199376947	0.0641924491470465	5	1
mouse	EIF2B1	source_selected_comparison	5136	5136	0.9777285301851955	0.9753918256086942	0.934190031152648	0.041977291887087376	0	0
mouse	ELF5	source_selected_comparison	5136	5136	0.9574670054913905	0.9528704970667721	0.9098520249221184	0.0837221759618705	0	0
mouse	ELOVL1	source_selected_comparison	5136	5136	0.9649891194723659	0.9542212113796115	0.9141355140186916	0.09313042063826997	45	19
mouse	EPCAM	source_selected_comparison	5136	5136	0.9346589744535381	0.9277624407383972	0.8903816199376947	0.06894976327380499	0	0
mouse	ERBB2	source_selected_comparison	5136	5136	0.9658839800263662	0.9656187121932212	0.9297118380062306	0.094728086813604	31	7
mouse	ERBB3	source_selected_comparison	5136	5136	0.9903354472699257	0.9870519917976304	0.9484034267912772	0.09051822989144298	1149	784
mouse	ERBB4	source_selected_comparison	5136	5136	0.9245802730645617	0.9050436819203581	0.8563084112149533	0.09378594929246248	0	0
mouse	ERN1	source_selected_comparison	5136	5136	0.9518934395110104	0.9493710229757338	0.9184190031152648	0.10329317740151597	7	3
mouse	ETV5	source_selected_comparison	5136	5136	0.9585228393989295	0.9523833000767813	0.9055685358255452	0.11277278650982142	1	1
mouse	FAM13A	source_selected_comparison	5136	5136	0.9726290433530091	0.9705649404020242	0.9059579439252337	0.06641432226019099	9	2
mouse	FBXW11	source_selected_comparison	5136	5136	0.97836411417457	0.9698903476821068	0.9283489096573209	0.03819444988763185	48	16
mouse	FGF7	source_selected_comparison	5136	5136	0.8844300339853289	0.8718521995100182	0.8652647975077882	0.0641203747132065	0	0
mouse	FGFR2	source_selected_comparison	5136	5136	0.9530119913542152	0.9427565499567863	0.9030373831775701	0.09274247371209522	1	1
mouse	FZD1	source_selected_comparison	5136	5136	0.9636202426597371	0.9419010349163649	0.8888239875389408	0.08049651412683109	0	0
mouse	FZD4	source_selected_comparison	5136	5136	0.9812853644591821	0.9620908796329708	0.9007009345794392	0.07410564625264845	0	0
mouse	FZD5	source_selected_comparison	5136	5136	0.830525617068214	0.79560968900125	0.8033489096573209	0.1747077583226485	0	0
mouse	FZD6	source_selected_comparison	5136	5136	0.9537121631186356	0.9422207021075029	0.9141355140186916	0.06611610986766	0	0
mouse	FZD7	source_selected_comparison	5136	5136	0.9640807392204177	0.9551949028792646	0.9075155763239875	0.0834429298794875	1	0
mouse	GDF2	source_selected_comparison	5136	5136	0.9684598917561423	0.9554274894127374	0.9133566978193146	0.038236350494240456	1	0
mouse	GLIS3	source_selected_comparison	5136	5136	0.9497928865970211	0.927972799274348	0.8936915887850467	0.06566647007212398	1	0
mouse	GNAI1	source_selected_comparison	5136	5136	0.9106993931113834	0.9015821591275589	0.8485202492211839	0.11420177072052054	0	0
mouse	GNAI2	source_selected_comparison	5136	5136	0.9523115404623748	0.9509531596054986	0.9108255451713395	0.0889417305831586	1	0
mouse	GPR37	source_selected_comparison	5136	5136	0.9214739750398306	0.9141841819063341	0.8835669781931464	0.09159034405786158	0	0
mouse	GSK3B	source_selected_comparison	5136	5136	0.9534204688769267	0.9528471769498441	0.9168613707165109	0.0765361536890535	130	52
mouse	HBEGF	source_selected_comparison	5136	5136	0.9808349904810609	0.9795966980983463	0.9392523364485982	0.04344135640278101	9	1
mouse	HHIP	source_selected_comparison	5136	5136	0.9717256128563911	0.9702763029179712	0.9203660436137072	0.057893436875338294	54	8
mouse	HIF1A	source_selected_comparison	5136	5136	0.9518265235509726	0.9317940714461873	0.8827881619937694	0.0699065966886335	0	0
mouse	HLF	source_selected_comparison	5136	5136	0.9434149143803567	0.9368140553064827	0.8767523364485982	0.11446853269899948	0	0
mouse	HOPX	source_selected_comparison	5136	5136	0.9682621774897063	0.9610421586106765	0.9131619937694704	0.04705183121149549	1	0
mouse	HUWE1	source_selected_comparison	5136	5136	0.9816737059793544	0.9735185448509102	0.9217289719626168	0.0845851159397955	117	83
mouse	IL1A	source_selected_comparison	5136	5136	0.9468737383439316	0.9379535855737683	0.9049844236760125	0.03924201549506779	1	0
mouse	IL4RA	source_selected_comparison	5136	5136	0.9687583014472627	0.9654176169910482	0.9310747663551402	0.0676781742970235	2	2
mouse	INHBA	source_selected_comparison	5136	5136	0.9684623039653742	0.9608918928336968	0.9271806853582555	0.03406691647351485	0	0
mouse	IRF4	source_selected_comparison	5136	5136	0.9167528513405496	0.9093946435689836	0.8827881619937694	0.08128959831697455	0	0
mouse	IRX1	source_selected_comparison	5136	5136	0.9101397251300081	0.8952155892110308	0.8405373831775701	0.2129780479964215	3	2
mouse	ITGB6	source_selected_comparison	5136	5136	0.9671036949323071	0.9332119237139652	0.8884345794392523	0.12223395115522698	221	147
mouse	IVD	source_selected_comparison	5136	5136	0.9728335912376781	0.9411596979983304	0.8730529595015576	0.12597050411092353	14	11
mouse	JUP	source_selected_comparison	5136	5136	0.9733464640370565	0.9661160810204229	0.9299065420560748	0.03863088675766241	1	0
mouse	KCNJ15	source_selected_comparison	5136	5136	0.8839199736768573	0.8232510579425162	0.8035436137071651	0.10186585860602053	1	0
mouse	KEAP1	source_selected_comparison	5136	5136	0.98916844643537	0.9724411878570874	0.9098520249221184	0.10038825919041952	1161	767
mouse	KIDINS220	source_selected_comparison	5136	5136	0.972486270297443	0.9596467840263436	0.9188084112149533	0.1282685779953475	566	385
mouse	LAMP2	source_selected_comparison	5136	5136	0.9745997109483414	0.9654096399287785	0.927570093457944	0.03758452106892404	44	15
mouse	LGR4	source_selected_comparison	5136	5136	0.9775160543140728	0.9713203064894658	0.9279595015576324	0.0436603728776585	30	0
mouse	LGR5	source_selected_comparison	5136	5136	0.9750537263511341	0.9698319338444824	0.9388629283489096	0.0376406359420985	38	0
mouse	LGR6	source_selected_comparison	5136	5136	0.9614447153263518	0.9254601409537393	0.8724688473520249	0.07258635625776116	1	0
mouse	LIPH	source_selected_comparison	5136	5136	0.9733446771356993	0.9550750798060966	0.9079049844236761	0.07996305286494146	0	0
mouse	LNX2	source_selected_comparison	5136	5136	0.9453369942190322	0.929466020902509	0.8718847352024922	0.089616948653536	2	1
mouse	LRG1	source_selected_comparison	5136	5136	0.9697960361561628	0.9676670566984455	0.8954439252336449	0.0712683896328615	13	0
mouse	LRP2	source_selected_comparison	5136	5136	0.9666000667474673	0.9521663932656216	0.9158878504672897	0.06537952269257236	0	0
mouse	LRP5	source_selected_comparison	5136	5136	0.9532510751115439	0.9462183853272024	0.9014797507788161	0.1115015515873005	0	0
mouse	LRP6	source_selected_comparison	5136	5136	0.9728578032896148	0.9483676670719347	0.903816199376947	0.0747833569774995	0	0
mouse	MANF	source_selected_comparison	5136	5136	0.9746911943969444	0.9691474293419271	0.9351635514018691	0.036670147634566	13	8
mouse	MAP2K1	source_selected_comparison	5136	5136	0.9059855090379754	0.881359462252274	0.8473520249221184	0.09132877183060986	0	0
mouse	MAP2K2	source_selected_comparison	5136	5136	0.858436358074113	0.8397451321120324	0.8374221183800623	0.10780836264765051	0	0
mouse	MAP2K3	source_selected_comparison	5136	5136	0.9171094023234845	0.9045723410034978	0.8794781931464174	0.0782116542783885	0	0
mouse	MAP2K4	source_selected_comparison	5136	5136	0.9580542948423617	0.9492073470964054	0.9139408099688473	0.09557988055989564	3	2
mouse	MAP3K1	source_selected_comparison	5136	5136	0.8801900188357065	0.8575114760936678	0.8348909657320872	0.102410957985132	0	0
mouse	MAP3K2	source_selected_comparison	5136	5136	0.8970966400775292	0.8406205455163166	0.804322429906542	0.13694684565906948	0	0
mouse	MAP3K5	source_selected_comparison	5136	5136	0.9217949414333486	0.921241518860929	0.8933021806853583	0.088210997146438	0	0
mouse	MAP3K7	source_selected_comparison	5136	5136	0.961619505492878	0.9356364423857282	0.8839563862928349	0.09309507577451104	57	12
mouse	MAP4K3	source_selected_comparison	5136	5136	0.9613546992665156	0.961082323195821	0.9265965732087228	0.07367192702324152	0	0
mouse	MAP4K4	source_selected_comparison	5136	5136	0.9600810988424086	0.9594037645643566	0.9256230529595015	0.06757713429457815	0	0
mouse	MAPK1	source_selected_comparison	5136	5136	0.9418999444407784	0.9264923041344676	0.8814252336448598	0.08636659223524151	0	0
mouse	MAPK3	source_selected_comparison	5136	5136	0.7681646581254119	0.7623287927026527	0.7875778816199377	0.156169138162713	0	0
mouse	MARCKS	source_selected_comparison	5136	5136	0.9695308156121722	0.9662340699919441	0.9221183800623053	0.0721401297955208	31	26
mouse	MECOM	source_selected_comparison	5136	5136	0.9782945627462566	0.9732147834463422	0.927570093457944	0.04469755446023001	8	4
mouse	MEGF6	source_selected_comparison	5136	5136	0.9705749077326918	0.969614991072282	0.9195872274143302	0.1173122315313001	0	0
mouse	MET	source_selected_comparison	5136	5136	0.9927904045494712	0.9917648486188195	0.9283489096573209	0.09955415581492844	281	101
mouse	MLC1	source_selected_comparison	5136	5136	0.9627489332606917	0.9444606646624787	0.8946651090342679	0.046682575116666	2	0
mouse	MTUS1	source_selected_comparison	5136	5136	0.9338996144970008	0.8993442422750365	0.8720794392523364	0.08766125282405784	1	0
mouse	MYO5C	source_selected_comparison	5136	5136	0.9445310416422886	0.9385564532881945	0.8954439252336449	0.08543698415550965	0	0
mouse	MYRF	source_selected_comparison	5136	5136	0.9445234965977741	0.9258425083248879	0.8894080996884736	0.07556993458498298	0	0
mouse	NAV2	source_selected_comparison	5136	5136	0.9446419006247307	0.932484980645511	0.9014797507788161	0.08504090329559343	0	0
mouse	NFE2L2	source_selected_comparison	5136	5136	0.9702330403821866	0.9421285321002765	0.8886292834890965	0.08959481426721025	135	82
mouse	NKD1	source_selected_comparison	5136	5136	0.9769336526439346	0.9725561649573785	0.9238707165109035	0.051521947742597995	100	2
mouse	NKD2	source_selected_comparison	5136	5136	0.9628780905843632	0.9496057417509096	0.9032320872274143	0.05634977142792126	5	0
mouse	NKX21	source_selected_comparison	5136	5136	0.9989391076506345	0.9986182860300888	0.9809190031152648	0.07907289795829403	3853	3053
mouse	NPNT	source_selected_comparison	5136	5136	0.9809922307100641	0.977953925131023	0.922702492211838	0.07252998001372118	0	0
mouse	NPR1	source_selected_comparison	5136	5136	0.9732279513268222	0.9731579784641818	0.9398364485981309	0.048769349803885004	0	0
mouse	NR1D1	source_selected_comparison	5136	5136	0.9751748858100728	0.9752656825154938	0.9433411214953271	0.047336177166168475	256	74
mouse	NR1D2	source_selected_comparison	5136	5136	0.9544902015733904	0.9510767848944099	0.9026479750778816	0.050747444401922755	0	0
mouse	OCIAD2	source_selected_comparison	5136	5136	0.9178986093772654	0.8833228566783249	0.8407320872274143	0.1349781240776732	0	0
mouse	PATJ	source_selected_comparison	5136	5136	0.949362112004622	0.9303123739143692	0.8829828660436138	0.08719297667167765	0	0
mouse	PDE7B	source_selected_comparison	5136	5136	0.9677926695057235	0.9507321523477837	0.907126168224299	0.0460215905979817	16	2
mouse	PDLIM2	source_selected_comparison	5136	5136	0.96463127498853	0.9484935875786937	0.905373831775701	0.040318313721367	1	0
mouse	PI4K2B	source_selected_comparison	5136	5136	0.9294458976101813	0.9120769320636404	0.8767523364485982	0.09482530886331197	6	0
mouse	PID1	source_selected_comparison	5136	5136	0.9808960309085334	0.9734881500656282	0.9279595015576324	0.052923950849125746	87	41
mouse	PINK1	source_selected_comparison	5136	5136	0.9734108632548873	0.9644603730616426	0.926791277258567	0.03286488932994906	0	0
mouse	PLA2G15	source_selected_comparison	5136	5136	0.8892040317848321	0.8409030328023521	0.8212616822429907	0.10982982131236149	0	0
mouse	PORCN	source_selected_comparison	5136	5136	0.9571830051967278	0.9206414884336657	0.8629283489096573	0.07313969383305235	4	1
mouse	PRKN	source_selected_comparison	5136	5136	0.9532062955786483	0.9337325067894223	0.860981308411215	0.08604404242736015	7	1
mouse	RAD21	source_selected_comparison	5136	5136	0.985539144885463	0.9836827392778159	0.9254283489096573	0.08310467443960098	418	248
mouse	RBMS3	source_selected_comparison	5136	5136	0.9657818997707556	0.9590526983594482	0.8977803738317757	0.052988128469742525	0	0
mouse	RBPJL	source_selected_comparison	5136	5136	0.9645533149685762	0.9568116687492221	0.8808411214953271	0.0573477242085155	7	1
mouse	RNF43	source_selected_comparison	5136	5136	0.9789453154277373	0.9790363409398097	0.9357476635514018	0.031917999493293506	279	198
mouse	ROR1	source_selected_comparison	5136	5136	0.907159067779807	0.8539498433438751	0.8230140186915887	0.09218858909867501	0	0
mouse	ROS1	source_selected_comparison	5136	5136	0.9488953642425516	0.8822818452300122	0.8424844236760125	0.10290181187085805	0	0
mouse	RYK	source_selected_comparison	5136	5136	0.9506889924633073	0.9288072438641626	0.8905763239875389	0.0512962473312515	10	0
mouse	SDC1	source_selected_comparison	5136	5136	0.9555983183412731	0.9208426904595871	0.8956386292834891	0.07071434770443089	0	0
mouse	SEMA3E	source_selected_comparison	5136	5136	0.9828749912941325	0.9804476630685165	0.9215342679127726	0.05550447789931544	1	0
mouse	SERPINA1A	source_selected_comparison	5136	5136	0.9703186565704571	0.9684023637011324	0.8973909657320872	0.06036920404350399	5	0
mouse	SFTPD	source_selected_comparison	5136	5136	0.9502828455049623	0.9463668647439167	0.905373831775701	0.056002354221493446	1	0
mouse	SH2B1	source_selected_comparison	5136	5136	0.9552781614351396	0.9100120358237227	0.8753894080996885	0.08383469773174798	5	2
mouse	SH3RF1	source_selected_comparison	5136	5136	0.9747452714779213	0.9740128012754654	0.9429517133956387	0.041410886414848504	17	0
mouse	SIAH1A	source_selected_comparison	5136	5136	0.9214510357485779	0.8857550831878088	0.8502725856697819	0.07141149712605996	0	0
mouse	SLC22A3	source_selected_comparison	5136	5136	0.902519315452905	0.8962344499035095	0.883177570093458	0.07869041302337798	0	0
mouse	SLC34A2	source_selected_comparison	5136	5136	0.9456161057723959	0.9291140686033874	0.8911604361370716	0.05358371536626596	223	87
mouse	SLC39A8	source_selected_comparison	5136	5136	0.8956292746963623	0.8563105861050333	0.8364485981308412	0.07910438659796265	0	0
mouse	SLC45A4	source_selected_comparison	5136	5136	0.9308389083306852	0.9041963465343557	0.8728582554517134	0.08466014337893549	1	0
mouse	SLC6A14	source_selected_comparison	5136	5136	0.9395192648953941	0.9299216753654327	0.8952492211838006	0.06702743969975211	47	7
mouse	SNX30	source_selected_comparison	5136	5136	0.9760695885029081	0.9524685037395575	0.9065420560747663	0.0720330062408141	0	0
mouse	SOAT1	source_selected_comparison	5136	5136	0.9554976531000976	0.947731128308846	0.9080996884735203	0.07230220785312749	3	1
mouse	SOCS2	source_selected_comparison	5136	5136	0.9592632384171744	0.9554761532038328	0.9228971962616822	0.06723089864821544	37	14
mouse	SOX4	source_selected_comparison	5136	5136	0.95423520384389	0.9443936201762256	0.8687694704049844	0.1182920754786402	15	4
mouse	SPNS1	source_selected_comparison	5136	5136	0.9568437968761806	0.9374786382782605	0.8925233644859814	0.08029172013042898	0	0
mouse	SPRY1	source_selected_comparison	5136	5136	0.9758818873718728	0.9723160958702213	0.9343847352024922	0.040036460964259446	26	6
mouse	SPRY2	source_selected_comparison	5136	5136	0.9464250633010557	0.9303591187468497	0.8913551401869159	0.093502998226618	28	14
mouse	SPRY4	source_selected_comparison	5136	5136	0.9689147691752648	0.9582033955679414	0.871690031152648	0.0718385209119425	9	2
mouse	SYT11	source_selected_comparison	5136	5136	0.96333865068065	0.9454976912631038	0.8989485981308412	0.07163534875655517	1	0
mouse	SYT4	source_selected_comparison	5136	5136	0.9625285272204364	0.9519939554698827	0.9040109034267912	0.07524697184214402	0	0
mouse	TEAD1	source_selected_comparison	5136	5136	0.974134925342954	0.9715296927487092	0.908683800623053	0.04846611716818785	2	1
mouse	TERF1	source_selected_comparison	5136	5136	0.9573243169833645	0.9405181196408339	0.8845404984423676	0.054721953452547656	1	0
mouse	TERT	source_selected_comparison	5136	5136	0.9613298307988737	0.9578431526546193	0.922702492211838	0.07711030746148	0	0
mouse	TFCP2L1	source_selected_comparison	5136	5136	0.9509233938812757	0.9359820382609068	0.8979750778816199	0.054779556401828154	1	0
mouse	TFEB	source_selected_comparison	5136	5136	0.9587869915630498	0.9543921196796612	0.9139408099688473	0.04072845713390375	0	0
mouse	TGIF1	source_selected_comparison	5136	5136	0.9774817616774613	0.9737042813229163	0.9386682242990654	0.07423942571675096	119	65
mouse	TINAG	source_selected_comparison	5136	5136	0.9355157400278561	0.9159290365762809	0.8707165109034268	0.076103207191523	0	0
mouse	TLN1	source_selected_comparison	5136	5136	0.9642372456623987	0.9637527312609661	0.9080996884735203	0.09007403153022346	0	0
mouse	TLR2	source_selected_comparison	5136	5136	0.9538357577398836	0.9434093054662998	0.9156931464174455	0.076873019632627	25	0
mouse	TNS1	source_selected_comparison	5136	5136	0.9605210921726969	0.9560936050688684	0.9273753894080997	0.03534115849791025	1	0
mouse	TOLLIP	source_selected_comparison	5136	5136	0.9618921481521504	0.9516037230858648	0.9057632398753894	0.09733399611250249	0	0
mouse	TRIB3	source_selected_comparison	5136	5136	0.9625618099396325	0.9577715967382117	0.9135514018691588	0.08374688625019651	30	25
mouse	TRP53	source_selected_comparison	5136	5136	0.9857220752025179	0.9792286329500921	0.9145249221183801	0.0794516500665742	1855	1418
mouse	TRP63	source_selected_comparison	5136	5136	0.9664324814114659	0.9479479495575298	0.8987538940809969	0.0488561160522131	2	0
mouse	TSPAN11	source_selected_comparison	5136	5136	0.9255331102058546	0.911385396734769	0.8714953271028038	0.07786782134228298	0	0
mouse	TTF1	source_selected_comparison	5136	5136	0.980520741201335	0.9795957200643296	0.9154984423676013	0.0646416466512583	46	5
mouse	TWIST1	source_selected_comparison	5136	5136	0.9741984641546385	0.9690117544471799	0.930101246105919	0.032092939710559	2	0
mouse	ULK1	source_selected_comparison	5136	5136	0.9545731847324848	0.9281877064390702	0.8736370716510904	0.06286160388505502	0	0
mouse	USP30	source_selected_comparison	5136	5136	0.9669707707614748	0.9587541164076211	0.9026479750778816	0.055776685196653096	0	0
mouse	USP6NL	source_selected_comparison	5136	5136	0.9710220323644674	0.9630542781261923	0.9201713395638629	0.03845766135786331	9	3
mouse	VANGL1	source_selected_comparison	5136	5136	0.9341301529393008	0.9301867154980515	0.8993380062305296	0.0669028083552535	0	0
mouse	VANGL2	source_selected_comparison	5136	5136	0.9102714054945615	0.9074353137982462	0.8896028037383178	0.07445292369202941	0	0
mouse	WIF1	source_selected_comparison	5136	5136	0.9841580758103294	0.9791817297442302	0.9180295950155763	0.07360645038547936	0	0
mouse	WNT7B	source_selected_comparison	5136	5136	0.9632889781441849	0.958522797190822	0.922702492211838	0.06992733367794451	0	0
mouse	WNT9B	source_selected_comparison	5136	5136	0.9465740612411654	0.9209720214193241	0.8825934579439252	0.07951344933536961	0	0
mouse	XBP1	source_selected_comparison	5136	5136	0.9373836404044168	0.9282750734330206	0.8948598130841121	0.08289563997400429	17	16
mouse	ZFP365	source_selected_comparison	5136	5136	0.9779324431389389	0.9752080909963775	0.9178348909657321	0.06865901552355298	2	0
mouse	ZFP385B	source_selected_comparison	5136	5136	0.9651738904858354	0.9531288405627457	0.9079049844236761	0.053517291204905414	1	0
mouse	ZNRF3	source_selected_comparison	5136	5136	0.9358338305944678	0.9024754835429356	0.8613707165109035	0.06682590699730254	3	0
human	MET	source_selected_comparison	7195	7195	0.035855635346467865	0.03159249322177201	0.5160528144544823	0.452359438823732	59	25
human	GLIS3	source_selected_comparison	7195	7195	0.0009927409029056025	-0.000899950032578741	0.5039610840861709	0.4220786161300718	1	0
human	TRP53	source_selected_comparison	7195	7195	0.02321496636662177	0.024713285747610947	0.5018763029881862	0.47755370242497797	437	276
human	ACP6	source_selected_comparison	7195	7195	0.024322643146659283	0.02341608835149869	0.5107713690062543	0.37659897629670397	15	0
human	PINK1	source_selected_comparison	7195	7195	0.0028079562017997574	0.001292901189725128	0.5068797776233496	0.348094095850208	0	0
human	EIF2AK3	source_selected_comparison	7195	7195	-0.009894174948070957	-0.008674167663912002	0.5025712300208478	0.443441435066058	0	0
human	CCBE1	source_selected_comparison	7195	7195	-0.011443997049223914	-0.004619587020209512	0.5024322446143155	0.392556928513606	3	0
human	GDF2	source_selected_comparison	7195	7195	-0.005098175223558722	0.00042820626794259415	0.5129951355107714	0.39443531048744895	5	1
human	TEAD1	source_selected_comparison	7195	7195	0.0032377429102726854	0.004253787313280664	0.503544127866574	0.38610422389655497	0	0
human	MECOM	source_selected_comparison	7195	7195	0.0275648601127079	0.027719457316338365	0.49687282835302293	0.3163363824314168	0	0
human	HUWE1	source_selected_comparison	7195	7195	0.008198433330604759	0.005491667672648522	0.5099374565670605	0.5066124957984296	58	41
human	SFTPD	source_selected_comparison	7195	7195	-0.006482667972289916	-0.0027098162230746238	0.5046560111188325	0.444042255205865	2	0
human	TRP63	source_selected_comparison	7195	7195	-0.010922497881451483	-0.010005846311776149	0.506184850590688	0.401373558228103	2	0
human	IL1A	source_selected_comparison	7195	7195	0.008869808772768972	0.004979511712913835	0.5050729673384294	0.297630484548626	0	0
human	PRKN	source_selected_comparison	7195	7195	0.0009010550179621864	0.0007894550425297901	0.5072967338429465	0.3933769213524462	4	0
human	BMP10	source_selected_comparison	7195	7195	0.0010915963682944759	0.0004240889963236635	0.5052119527449618	0.39195830478316895	2	1
human	PLA2G15	source_selected_comparison	7195	7195	-0.0024096873397737154	0.001350431810559935	0.5077136900625434	0.528947816414512	2	2
human	ROR1	source_selected_comparison	7195	7195	0.0034785288143938495	0.006027075261544407	0.503544127866574	0.447212342273607	2	2
human	NPNT	source_selected_comparison	7195	7195	0.025284523397869057	0.020201014403624148	0.5273106323835998	0.660519644564604	1839	618
human	RNF43	source_selected_comparison	7195	7195	0.004115217547371812	0.007118731313935829	0.5075747046560111	0.2565221492559344	0	0
human	TNS1	source_selected_comparison	7195	7195	-0.004655159411156754	0.0011518002999943518	0.5049339819318972	0.34572129063276397	1	0
human	TTF1	source_selected_comparison	7195	7195	0.016454852134747455	0.013153262781471982	0.5047949965253649	0.430866022192732	47	0
human	KEAP1	source_selected_comparison	7195	7195	0.02160753516292538	0.013575672709860062	0.5047949965253649	0.48600817053911394	7	4
human	TFEB	source_selected_comparison	7195	7195	-0.010639497220402293	-0.004749434527069041	0.4949270326615705	0.36265068804908096	0	0
human	FGF7	source_selected_comparison	7195	7195	0.012689806388843514	0.008521984964467108	0.5038220986796387	0.40507457050694795	0	0
human	TFCP2L1	source_selected_comparison	7195	7195	0.008604551476600246	0.005771627548308369	0.5054899235580264	0.413950323780669	0	0
human	SOX4	source_selected_comparison	7195	7195	0.011553907662389987	0.009509181160836887	0.5082696316886727	0.49332661474394	0	0
human	TWIST1	source_selected_comparison	7195	7195	-0.006630875549231855	-0.003200119137951734	0.5047949965253649	0.3912021314309885	0	0
human	NKX21	source_selected_comparison	7195	7195	-0.06466241268832193	-0.07258119739299491	0.4954829742876998	1.072314569894383	4558	2450
human	USP30	source_selected_comparison	7195	7195	-0.0004848115773349086	0.0038824931266311677	0.5077136900625434	0.417222834438413	0	0
human	NFE2L2	source_selected_comparison	7195	7195	-0.0035294406694208204	0.0008623995695147783	0.49812369701181375	0.484214602177026	1	1
human	ULK1	source_selected_comparison	7195	7195	-0.008633228618206253	-0.006290553550424236	0.5014593467685893	0.407461127322135	1	0
human	INHBA	source_selected_comparison	7195	7195	-0.0150073013641622	-0.008946012393570384	0.4984016678248784	0.35895366384500405	1	1
human	MANF	source_selected_comparison	7195	7195	-0.00977153708221005	0.001195515926024126	0.5060458651841556	0.359562479540128	0	0
human	RBMS3	source_selected_comparison	7195	7195	-0.008620090009468721	-0.010744324501257617	0.49673384294649064	0.37222331769830097	1	0
human	TERF1	source_selected_comparison	7195	7195	0.008507062091178116	0.00443842685952704	0.5159138290479499	0.377425030834907	2	1
human	FAM13A	source_selected_comparison	7195	7195	0.0035371163444657076	0.006376613216260063	0.5053509381514941	0.424285363779021	19	3
human	NR1D1	source_selected_comparison	7195	7195	0.033326619323097884	0.025159567133393096	0.5034051424600416	0.48196839117907	310	184
human	EIF2B1	source_selected_comparison	7195	7195	-0.015255199071718946	-0.01842348704803635	0.49728978457261985	0.4131349968527372	1	0
human	ATG16L1	source_selected_comparison	7195	7195	-0.012189678534660686	-0.013684457993340992	0.5014593467685893	0.48553327445312505	92	33
human	XBP1	source_selected_comparison	7195	7195	0.012448347983503527	0.018359513486855217	0.5063238359972203	0.5100596888889971	3	3
human	RAD21	source_selected_comparison	7195	7195	0.008124432898239206	0.011155196745432113	0.5043780403057679	0.448442571650135	79	25
human	PID1	source_selected_comparison	7195	7195	-0.00843076186004679	-0.011434059236130781	0.4904794996525365	0.35081859299887497	1	1
human	SERPINA1A	source_selected_comparison	7195	7195	0.014965075665463536	0.008301961824915417	0.5038220986796387	0.36502255262188	0	0
human	CACNA2D3	source_selected_comparison	7195	7195	0.01145781109484304	0.002705382062298328	0.5010423905489924	0.378552333662747	0	0
human	CHRM3	source_selected_comparison	7195	7195	0.008469349117866374	0.00405370786153986	0.5029881862404447	0.433648182609879	0	0
human	HHIP	source_selected_comparison	7195	7195	0.01878903668142627	0.022086832410806636	0.5159138290479499	0.431858671012776	73	25
human	NR1D2	source_selected_comparison	7195	7195	0.005930024761726411	0.0076898259829062815	0.5015983321751216	0.398787161061194	17	16
human	BECN1	source_selected_comparison	7195	7195	0.003907835686750537	-0.010269562557479513	0.49687282835302293	0.499820587995986	44	26
human	AGER	source_selected_comparison	7195	7195	0.0249508827660738	0.02055557090834195	0.5082696316886727	0.566319023940509	2	1
human	ERN1	source_selected_comparison	7195	7195	0.01279780542351857	-0.001269405321370969	0.5013203613620569	0.7090979320543731	128	65
human	IVD	source_selected_comparison	7195	7195	0.012704905458176331	0.014362025117888737	0.505767894371091	0.549556527619684	36	21
human	ACOXL	source_selected_comparison	7195	7195	0.010774022310212515	0.015309720397834407	0.5113273106323836	0.550338227817066	6	2
human	LNX2	source_selected_comparison	7195	7195	-0.009631259993055898	-0.008345560673916999	0.49381514940931204	0.453792102949945	196	61
human	CHRNA5	source_selected_comparison	7195	7195	-0.019573911148821604	-0.012626721906519122	0.4947880472550382	0.567431775774276	1433	641
human	MARCKS	source_selected_comparison	7195	7195	0.017187712030905633	0.012009842655858536	0.49715079916608756	0.5498689544345408	241	179
human	TRIB3	source_selected_comparison	7195	7195	0.015932637088949427	0.014231916116857452	0.5050729673384294	0.601990405758815	201	159
human	IL4RA	source_selected_comparison	7195	7195	0.014277337879669193	0.011558013371917114	0.501737317581654	0.522615258610155	53	44
human	ATP6V1C2	source_selected_comparison	7195	7195	0.019974679208386005	0.010233458085206495	0.5025712300208478	0.581852918849717	55	38
human	NAV2	source_selected_comparison	7195	7195	0.009458077724380917	0.012821174146357778	0.5041000694927033	0.486065849911093	37	10
human	ATP11A	source_selected_comparison	7195	7195	-0.009284757807022046	-0.004202479993424237	0.5089645587213343	0.596581286521954	1	1
human	PATJ	source_selected_comparison	7195	7195	0.01506915675309715	0.014395775736782523	0.5043780403057679	0.41283770658292807	2	1
human	SNX30	source_selected_comparison	7195	7195	0.0010229963055909009	0.004035493843971899	0.5011813759555247	0.450326241924187	710	3
human	CHAT	source_selected_comparison	7195	7195	0.01448665401710396	0.007885712170898434	0.5141070187630299	0.586373259192791	88	46
human	WNT7B	source_selected_comparison	7195	7195	0.001280481968246921	0.0002563099936681155	0.5042390548992356	0.451936284237296	1	1
human	HLF	source_selected_comparison	7195	7195	0.0035198038631619635	0.005627826895120302	0.5277275886031967	0.6841194444138957	78	31
human	CAPN1	source_selected_comparison	7195	7195	-0.001427944533080967	-0.0010625483554846892	0.5000694927032662	0.48141551379993003	66	23
human	GPR37	source_selected_comparison	7195	7195	0.014487227908734726	0.015973426434868907	0.5260597637248089	0.526394882045042	0	0
human	SDC1	source_selected_comparison	7195	7195	0.028035326112557636	0.022428176837017116	0.5079916608756081	0.466762901866509	62	34
human	SLC45A4	source_selected_comparison	7195	7195	0.00327694459695917	0.008522695309937075	0.5089645587213343	0.397212645642053	1	0
human	LIPH	source_selected_comparison	7195	7195	0.005053201402376472	0.000665368045082667	0.49589993050729675	0.42980214004650097	129	10
human	WNT9B	source_selected_comparison	7195	7195	-0.009597325769176893	-0.005817140044478103	0.4974287699791522	0.4452004307519161	7	4
human	SPNS1	source_selected_comparison	7195	7195	-0.023010921609733156	-0.02528405956938007	0.5082696316886727	0.5237046281325981	148	46
human	HIF1A	source_selected_comparison	7195	7195	-0.019220442024161417	-0.018696656007086903	0.4978457261987491	0.396195263656825	3	0
human	CXADR	source_selected_comparison	7195	7195	-0.006523778041248709	-0.007387357748715237	0.5039610840861709	0.43380100340532607	17	2
human	FGFR2	source_selected_comparison	7195	7195	0.0061696118428253	0.01605777358685865	0.5060458651841556	0.5077824463164871	120	10
human	LRP6	source_selected_comparison	7195	7195	-0.004494592133877047	-0.004430500643072711	0.5038220986796387	0.42335016949969223	24	0
human	CHRNA3	source_selected_comparison	7195	7195	0.03300610409290094	0.03715774848149944	0.5134120917303683	0.430669300784187	9	6
human	SH2B1	source_selected_comparison	7195	7195	-0.004483579659093341	-0.007582714924286598	0.5021542738012509	0.39512899154027703	1	0
human	ROS1	source_selected_comparison	7195	7195	0.020641595127894617	0.017264245271411488	0.5039610840861709	0.48671515269130505	4	0
human	DSP	source_selected_comparison	7195	7195	0.004290297871761491	0.003590479734339397	0.5043780403057679	0.47738734195255295	76	39
human	MTUS1	source_selected_comparison	7195	7195	0.010137769898729493	-0.0005939621089391736	0.4985406532314107	0.45272509888785	14	4
human	EPCAM	source_selected_comparison	7195	7195	-0.008194619461463937	-0.0028774788548764155	0.5167477414871439	0.47185444987259795	1	0
human	FZD7	source_selected_comparison	7195	7195	0.019518570457887664	0.01848919501553795	0.5002084781097985	0.400754612426378	27	4
human	FZD1	source_selected_comparison	7195	7195	0.008102347380787071	0.0057618906774568775	0.50090340514246	0.387596827847286	20	0
human	SYT4	source_selected_comparison	7195	7195	-0.01054660690177841	-0.007645173401945184	0.49423210562890896	0.4042911737527429	3	0
human	TLN1	source_selected_comparison	7195	7195	-0.013852079997246795	-0.022427669870514057	0.5143849895760945	0.602955801796392	74	17
human	TERT	source_selected_comparison	7195	7195	0.016504977842509146	0.02033357226730499	0.5064628214037526	0.438435392941492	4	1
human	LRP5	source_selected_comparison	7195	7195	0.012688065191220168	0.009161148666161467	0.49979152189020154	0.5437466879089949	10	5
human	FZD5	source_selected_comparison	7195	7195	0.006987565326501784	0.0021693747679711996	0.5068797776233496	0.5775838333399019	1	0
human	MYRF	source_selected_comparison	7195	7195	-0.0299707230808005	-0.03065231329421381	0.48241834607366224	0.45532524229158833	36	0
human	FZD4	source_selected_comparison	7195	7195	0.014540631502181173	-0.00289892149374005	0.4984016678248784	0.44735560118177303	656	14
human	SYT11	source_selected_comparison	7195	7195	-0.004665686778474837	0.00025507974521595954	0.5047949965253649	0.3916485215236585	0	0
human	DMBT1	source_selected_comparison	7195	7195	5.81046477930208e-05	0.0019187208044277434	0.5052119527449618	0.37208650904723	14	12
human	TOLLIP	source_selected_comparison	7195	7195	0.005349238100247835	0.0012085940511928999	0.5015983321751216	0.630244531037339	46	15
human	LRP2	source_selected_comparison	7195	7195	0.017791428423630722	0.010598763306138086	0.5002084781097985	0.531097028809566	3	0
human	FZD6	source_selected_comparison	7195	7195	0.0013869572475783993	0.010231643082610825	0.512856150104239	0.47634388149035306	2	0
human	KIDINS220	source_selected_comparison	7195	7195	-0.009049073419749164	-0.011207080419228578	0.4985406532314107	0.554180287056677	139	66
human	CD81	source_selected_comparison	7195	7195	-0.013717317524803027	-0.019623417125245127	0.4910354412786657	0.6385223390554521	58	7
human	TGIF1	source_selected_comparison	7195	7195	0.00335042908923077	0.006519268671143927	0.5168867268936762	0.538182886565327	70	6
human	CELSR1	source_selected_comparison	7195	7195	0.01741155961475742	0.014215041773127601	0.4985406532314107	0.40599640821029603	6	0
human	PI4K2B	source_selected_comparison	7195	7195	-0.016551432615855868	-0.021828874010635376	0.4953439888811675	0.46980389011856605	22	1
human	MAP2K2	source_selected_comparison	7195	7195	0.006618452550658784	0.0022720866461888476	0.5004864489228631	0.529433934470976	18	3
human	ITGB6	source_selected_comparison	7195	7195	-0.004560567577997796	-0.010225098080096647	0.4945100764419736	0.5534701598469229	99	27
human	EGFR	source_selected_comparison	7195	7195	0.014336870853679642	0.0175557849182266	0.5267546907574705	0.621333355266384	9	0
human	DRAM1	source_selected_comparison	7195	7195	0.010574049322237898	0.0074279355405908595	0.49937456567060456	0.642281736399416	151	10
human	CSNK1A1	source_selected_comparison	7195	7195	0.03189470180271558	0.03195224830767707	0.5174426685198055	0.6038988987699037	153	41
human	MAP3K7	source_selected_comparison	7195	7195	-0.005945114057710883	-0.006577147979492561	0.5125781792911744	0.527519598385789	41	1
human	CISH	source_selected_comparison	7195	7195	-0.0008735036666727416	0.0030137516183284577	0.5232800555941626	0.47773642341485	57	17
human	CSNK2A1	source_selected_comparison	7195	7195	0.007542133590321807	0.013802002617991178	0.5078526754690758	0.436406698864005	15	2
human	CCN2	source_selected_comparison	7195	7195	0.0006070157357911318	0.006873974872999411	0.5149409312022237	0.518769317831055	17	1
human	TINAG	source_selected_comparison	7195	7195	0.004767881377519165	0.008453475501363536	0.5114662960389159	0.5346561880269941	16	3
human	AREG	source_selected_comparison	7195	7195	0.020312627735364696	0.019909244916532398	0.5059068797776234	0.382085507439309	2	0
human	TSPAN11	source_selected_comparison	7195	7195	-0.012181543639562007	-0.009781098847626743	0.5134120917303683	0.518653456733219	22	0
human	MAP3K1	source_selected_comparison	7195	7195	-0.00697908641872904	-0.014814285119430936	0.4939541348158443	0.5770684398264391	22	3
human	MAPK1	source_selected_comparison	7195	7195	-0.008858866127158995	-0.01141828655937202	0.4936761640027797	0.46760741231651903	13	0
human	BMP2	source_selected_comparison	7195	7195	0.025185965672905125	0.023621754345394475	0.5104933981931897	0.430290022004095	47	9
human	ERBB3	source_selected_comparison	7195	7195	0.009608017982391134	0.0018505307435566294	0.49770674079221683	0.506650532319088	194	68
human	SOCS2	source_selected_comparison	7195	7195	-0.021713668896020142	-0.02343047225607054	0.4815844336344684	0.44972342957101197	24	0
human	SOAT1	source_selected_comparison	7195	7195	-0.00979670497121999	-0.016463946418384966	0.49339819318971506	0.510692711829866	824	189
human	VANGL2	source_selected_comparison	7195	7195	-0.0014685773049338412	-0.0015318837953934425	0.5210562890896456	0.377465967161837	29	0
human	IRF4	source_selected_comparison	7195	7195	0.017788711069507683	0.01763945835560997	0.5013203613620569	0.48267191775919255	11	0
human	ATP6V0E	source_selected_comparison	7195	7195	0.009251716738661502	0.01047977340928498	0.5018763029881862	0.42600181464926995	43	7
human	MAP3K2	source_selected_comparison	7195	7195	0.014128409133671693	0.018329043907486624	0.5097984711605281	0.541973700160907	25	1
human	MAP3K5	source_selected_comparison	7195	7195	-0.0012708976378588866	0.0049595748883021545	0.5089645587213343	0.5125147036905805	37	0
human	ADK	source_selected_comparison	7195	7195	-0.00964418696358631	-0.007050036552641177	0.5111883252258513	0.46978060238269703	4	0
human	GNAI2	source_selected_comparison	7195	7195	0.013367856629031985	0.01133801343598086	0.5038220986796387	0.756092383017781	93	35
human	OCIAD2	source_selected_comparison	7195	7195	0.02276495277045947	0.02491006189035219	0.5114662960389159	0.562710322208573	28	1
human	SLC22A3	source_selected_comparison	7195	7195	-0.007136182122538174	-0.014266114316908126	0.4961779013203614	0.63374385982816	56	3
human	ERBB2	source_selected_comparison	7195	7195	0.009515956282325782	0.011260823754656129	0.5462126476719944	0.537171981346233	36	1
human	EGFL6	source_selected_comparison	7195	7195	0.006091291429508643	0.011476159600638688	0.5022932592077832	0.49159780804070696	51	0
human	ANK3	source_selected_comparison	7195	7195	-0.016033535147534184	-0.01651400406706085	0.498679638637943	0.668633516363722	85	4
human	ELOVL1	source_selected_comparison	7195	7195	-0.0002798082368224877	0.008148340076986258	0.5011813759555247	0.5257134178266955	54	3
human	MAP2K3	source_selected_comparison	7195	7195	-0.015072778941388008	-0.014698340553455161	0.5014593467685893	0.47056035340675495	63	5
human	MAP4K3	source_selected_comparison	7195	7195	-0.0014979266841941286	-0.0049926803616943865	0.4961779013203614	0.7161452962388559	103	12
human	ELF5	source_selected_comparison	7195	7195	-0.02184753640079485	-0.015401831099597408	0.5092425295343989	0.5904792028169751	113	23
human	TLR2	source_selected_comparison	7195	7195	0.009326862204223674	0.01427177329108478	0.5118832522585128	0.587603044632236	74	2
human	CTSH	source_selected_comparison	7195	7195	0.004545464376978762	0.011899032443196803	0.508408617095205	0.46374379684433903	33	0
human	MYO5C	source_selected_comparison	7195	7195	0.002508956158930295	-0.003683518167499786	0.4918693537178596	0.6764689340368009	63	12
human	GNAI1	source_selected_comparison	7195	7195	0.014802105074068499	0.014102620203710052	0.5207783182765809	0.566023823418675	28	0
human	ANTXR1	source_selected_comparison	7195	7195	0.0048136882985209675	0.0016415510268954175	0.5088255733148019	0.4658745991098387	11	0
human	MAP4K4	source_selected_comparison	7195	7195	-0.026618536794361655	-0.027501514030554015	0.5246699096594858	0.7411281979995079	30	2
human	ERBB4	source_selected_comparison	7195	7195	0.014519542189142786	0.014142914128611302	0.515496872828353	0.585180554503347	35	0
human	SLC39A8	source_selected_comparison	7195	7195	-0.008118938456999573	-0.011659700618587598	0.4957609451007644	0.453368598149415	7	0
human	VANGL1	source_selected_comparison	7195	7195	-0.012799348801897478	-0.011985533003657817	0.5288394718554552	0.5235632849890559	40	0
human	MAP2K4	source_selected_comparison	7195	7195	-0.01195232839731309	-0.00885911121418795	0.5439888811674775	0.8078018501417701	32	1
human	MAP2K1	source_selected_comparison	7195	7195	-0.002415897889806412	0.003430139830990993	0.5021542738012509	0.5864921069791209	17	0
human	ATF6	source_selected_comparison	7195	7195	0.03149210918482353	0.015925986914786493	0.5068797776233496	0.48628071731588995	964	337
human	CTCF	source_selected_comparison	7195	7195	-0.0002458198233721648	-0.010665156562466178	0.4924252953439889	0.4473021333923827	24	1
human	RYK	source_selected_comparison	7195	7195	-0.0029795333803296995	-0.005290275463435662	0.5077136900625434	0.3594706419314795	8	0
human	NKD1	source_selected_comparison	7195	7195	0.004439139590395795	0.003147151836965191	0.49881862404447536	0.41899649565243097	130	5
human	SLC34A2	source_selected_comparison	7195	7195	0.031058615025566404	0.018778413149380148	0.511049339819319	0.331165809421369	8	0
human	RBPJL	source_selected_comparison	7195	7195	-0.009048085313762718	-0.011670949426192451	0.4954829742876998	0.42139663732553	66	4
human	SLC6A14	source_selected_comparison	7195	7195	-0.031038431404629318	-0.02741166132491668	0.4975677553856845	0.381830548718855	120	6
human	LAMP2	source_selected_comparison	7195	7195	0.010037701842973278	0.0067117587136598465	0.49506601806810285	0.37209875953731697	27	2
human	LGR5	source_selected_comparison	7195	7195	0.0025434600395075934	0.012304544505053914	0.5145239749826268	0.4430898080662886	85	0
human	CTNNB1	source_selected_comparison	7195	7195	0.0048850568149592915	0.007795618410026636	0.5225851285615011	0.46371256110348	106	25
human	DVL3	source_selected_comparison	7195	7195	0.014645917935947739	0.012774680853086117	0.5046560111188325	0.39488073906023596	0	0
human	SPRY4	source_selected_comparison	7195	7195	-0.010960312302085029	-0.015389094463713525	0.4868658790826963	0.446712100003149	59	1
human	NKD2	source_selected_comparison	7195	7195	0.002135872546279161	0.0026168696305689937	0.5093815149409312	0.42759856373578303	38	0
human	HOPX	source_selected_comparison	7195	7195	0.00204432671939517	0.005119186537001909	0.5079916608756081	0.39574838904211096	17	0
human	CD36	source_selected_comparison	7195	7195	0.0018632614656279574	-0.0014614105591751925	0.5356497567755386	0.34869476321800197	27	0
human	CRELD1	source_selected_comparison	7195	7195	0.04087258873868839	0.03263300511678468	0.5148019457956915	0.471021643378576	18	0
human	LGR6	source_selected_comparison	7195	7195	-0.010819408802985167	-0.014879639085183286	0.4918693537178596	0.49348599678600596	0	0
human	PORCN	source_selected_comparison	7195	7195	0.006134660161636856	0.005148271426719483	0.5070187630298819	0.441600077295253	1	0
human	WIF1	source_selected_comparison	7195	7195	0.009255142423342095	0.01224392972418814	0.5072967338429465	0.508692909926647	6	1
human	GSK3B	source_selected_comparison	7195	7195	0.005465336906990551	0.006641834137767167	0.5085476025017374	0.6214724736339301	189	170
human	FBXW11	source_selected_comparison	7195	7195	-0.015264841478673415	-0.01981933591135335	0.503544127866574	0.410524846797263	11	1
human	PDE7B	source_selected_comparison	7195	7195	0.0002275115437312754	-0.0038360480527148554	0.5071577484364141	0.35605005078128504	21	0
human	HBEGF	source_selected_comparison	7195	7195	0.007025882232561591	0.00699159012297554	0.5000694927032662	0.435999064612795	72	2
human	KCNJ15	source_selected_comparison	7195	7195	0.012884874474215846	0.008095176894285983	0.5067407922168172	0.559394478154531	0	0
human	CRISPLD2	source_selected_comparison	7195	7195	0.01170445741653452	0.012366056070190682	0.5235580264072273	0.436146078163225	71	0
human	SIAH1A	source_selected_comparison	7195	7195	0.020475792901883595	0.02061504252359154	0.5107713690062543	0.392213247259318	5	0
human	JUP	source_selected_comparison	7195	7195	0.006006544098204679	0.0007583486796342081	0.5145239749826268	0.427359854663301	8	0
human	CELSR2	source_selected_comparison	7195	7195	-0.0035008590458510866	0.00469373321948877	0.5216122307157749	0.538681573798022	70	5
human	APC	source_selected_comparison	7195	7195	-0.020448275856379573	-0.011496769606216378	0.5029881862404447	0.47950979903581703	31	0
human	MLC1	source_selected_comparison	7195	7195	0.0001903953410676971	-0.00021287435083724987	0.505767894371091	0.382746842427161	0	0
human	CDKN2B	source_selected_comparison	7195	7195	0.0028792042587097236	0.0012305575651289237	0.5024322446143155	0.437773310423902	163	28
human	SEMA3E	source_selected_comparison	7195	7195	0.00043574334083161574	-0.0028130919974596485	0.5014593467685893	0.526604365766929	21	2
human	ZNRF3	source_selected_comparison	7195	7195	0.00551381958362501	0.009677303552427102	0.5046560111188325	0.36364820955903987	19	0
human	USP6NL	source_selected_comparison	7195	7195	-0.004478424502777223	-0.0006131447261045906	0.5111883252258513	0.29994413705992895	18	5
human	SH3RF1	source_selected_comparison	7195	7195	-0.014763297732980372	-0.013322561103749858	0.49909659485753993	0.402544739133464	71	0
human	CELSR3	source_selected_comparison	7195	7195	0.004520292545744607	0.015504577075176667	0.5086865879082696	0.40037949939826745	16	0
human	SPRY1	source_selected_comparison	7195	7195	0.010874505432868747	0.017192055605458573	0.5092425295343989	0.40122400438707506	26	0
human	ZFP385B	source_selected_comparison	7195	7195	0.0006924984548418896	0.00285932334192366	0.5145239749826268	0.426971378386162	57	1
human	BDNF	source_selected_comparison	7195	7195	0.014422473064019298	0.011073041266131156	0.5100764419735928	0.5013146102799599	317	25
human	ZFP365	source_selected_comparison	7195	7195	-0.008402730768044948	-0.015806327236434378	0.48102849200833914	0.4953922380053828	2	0
human	NPR1	source_selected_comparison	7195	7195	-0.01125435765800896	-0.007286493838518342	0.4953439888811675	0.460885030102247	119	0
human	LGR4	source_selected_comparison	7195	7195	0.013480153240997788	0.006899893931397503	0.501737317581654	0.449490731398686	62	0
human	DVL1	source_selected_comparison	7195	7195	-0.01279539726518655	-0.01353644665832666	0.503544127866574	0.4369193334080269	14	11
human	PDLIM2	source_selected_comparison	7195	7195	0.012068717283230852	0.010323676052605094	0.508408617095205	0.34838190850213296	0	0
human	SPRY2	source_selected_comparison	7195	7195	0.018826411822597047	0.018714825068094344	0.5211952744961779	0.49891028752699496	8	0
human	LRG1	source_selected_comparison	7195	7195	-0.000582380114757505	-0.00214642425449842	0.5068797776233496	0.48199712788613497	126	22
human	CSF1R	source_selected_comparison	7195	7195	0.028782129075541937	0.02252696010297434	0.510215427380125	0.35821665924196505	0	0
human	DVL2	source_selected_comparison	7195	7195	-0.0092712103641932	-0.007366060498356095	0.5184155663655317	0.4329385499927481	0	0
