contrast,programme,n_genes,observed_centred_median,size_null_q025,size_null_q975,size_null_p,expr_null_mean,expr_null_q025,expr_null_q975,expr_null_p,median_AveExpr_of_set,median_AveExpr_of_universe,n_in_pathogenicity_groups,global_shift_base,decile_spearman_rank_vs_median,decile_spearman_p
Th17n.Div.1.EGCG,integrated_stress_response,13,-0.4909160577679978,-0.12506744170077436,0.1432549133409173,0.0,-0.010880773118868158,-0.14634979926997496,0.13737891279105924,0.0,4.013700046894813,3.699065250120553,0,0.0917961035895551,-0.5757575757575757,0.08155281477260244
Th17n.Div.1.EGCG,unfolded_protein_response,13,0.06282996424964439,-0.12196946046234436,0.16338233262008647,0.402,-0.03857554436123311,-0.1588257172816739,0.09417793916725739,0.121,6.878899540369751,3.699065250120553,0,0.0917961035895551,-0.5757575757575757,0.08155281477260244
Th17n.Div.1.EGCG,nrf2_oxidative_stress,13,-0.0691941658913198,-0.1290666437776513,0.15932495999909999,0.328,-0.015071975860835573,-0.14735636956489362,0.13486943811242974,0.419,5.52049202158358,3.699065250120553,0,0.0917961035895551,-0.5757575757575757,0.08155281477260244
Th17n.Div.1.EGCG,hypoxia_hif,9,0.12616544702275162,-0.16656674599249333,0.2195149431191423,0.191,-0.006321468305628448,-0.15244577664761685,0.1557587148357802,0.103,4.617789245718348,3.699065250120553,0,0.0917961035895551,-0.5757575757575757,0.08155281477260244
Th17n.Div.1.EGCG,glycolysis,15,-0.049238774964202,-0.12057304541704017,0.1526770844982549,0.406,-0.04431421594837596,-0.1507794119751588,0.07475144410013099,0.903,9.921761744044709,3.699065250120553,0,0.0917961035895551,-0.5757575757575757,0.08155281477260244
Th17n.Div.1.EGCG,cell_cycle,16,-0.25989947798871327,-0.11052975948774309,0.15503928193856648,0.0,-0.06954605422356291,-0.16622819217144152,0.025779782857775588,0.0,7.87190584202224,3.699065250120553,0,0.0917961035895551,-0.5757575757575757,0.08155281477260244
Th17n.Div.1.EGCG,amino_acid_transport,9,-0.0746058446237132,-0.15718829542109133,0.20943739835833663,0.323,-0.0021502960528073777,-0.17473412376110603,0.17951020092700157,0.358,3.5254743467452627,3.699065250120553,0,0.0917961035895551,-0.5757575757575757,0.08155281477260244
Th17n.Div.1.EGCG,serine_one_carbon,13,-0.2987627225780107,-0.13842887803710147,0.15906836860130366,0.0,-0.045397830378798576,-0.16803559034443474,0.0899807898999709,0.001,7.213727370420455,3.699065250120553,0,0.0917961035895551,-0.5757575757575757,0.08155281477260244
Th17n.Div.1.EGCG,cholesterol_srebp,12,0.11224142891558973,-0.12455854215279913,0.162739442641373,0.139,-0.010541784118470022,-0.1371053323974472,0.12316111776031155,0.062,5.60251620556497,3.699065250120553,0,0.0917961035895551,-0.5757575757575757,0.08155281477260244
Th17n.Div.1.EGCG,th17_effector,9,0.5440912137199647,-0.15127201608580834,0.16725522422499298,0.0,-0.005515468022649587,-0.17848000061272096,0.17512900891833663,0.0,5.656720316767583,3.699065250120553,3,0.0917961035895551,-0.5757575757575757,0.08155281477260244
Th17n.Div.1.EGCG,ribosomal_proteins,93,-0.20511960952368818,-0.04529558089278748,0.05458437428680136,0.0,-0.05943518068276372,-0.106430154151372,-0.020702490937119206,0.0,11.294506208197705,3.699065250120553,0,0.0917961035895551,-0.5757575757575757,0.08155281477260244
Th17n.Div.1.EGCG,oxphos_subunits,97,-0.0275453005211279,-0.049757117632164456,0.05474952580748098,0.281,-0.05467924803351951,-0.1000212091681138,-0.01717358366111919,0.218,8.209789872392353,3.699065250120553,0,0.0917961035895551,-0.5757575757575757,0.08155281477260244
Th17n.Div.1.EGCG,histones,61,-0.46492486007358547,-0.05926031433435594,0.06679872080982169,0.0,0.015685011261361487,-0.05179867477584225,0.08418875882150957,0.0,3.182272416388516,3.699065250120553,0,0.0917961035895551,-0.5757575757575757,0.08155281477260244
Th17n.Div.1.EGCG,heat_shock,56,0.02459013439878134,-0.06566840925102586,0.07598732540310903,0.478,-0.006328819462177067,-0.06966833078027596,0.06262663465253736,0.372,4.149475755784346,3.699065250120553,0,0.0917961035895551,-0.5757575757575757,0.08155281477260244
Th17n.Div.1.DHEA,integrated_stress_response,13,0.3393378075498348,-0.15321713325027794,0.17887346270001436,0.0,-0.001026534325600867,-0.1576605475018231,0.162754841392101,0.0,4.260758347076775,3.8077760881160563,0,0.0470668746989688,-0.8060606060606059,0.004862061101964607
Th17n.Div.1.DHEA,unfolded_protein_response,13,-0.0723357641088199,-0.15721653042926775,0.18808269101163502,0.348,-0.06448381126362517,-0.20103636421558257,0.07411411235335104,0.907,7.257325752031539,3.8077760881160563,0,0.0470668746989688,-0.8060606060606059,0.004862061101964607
Th17n.Div.1.DHEA,nrf2_oxidative_stress,13,-0.1560294140749127,-0.16485310354105653,0.17176402633765245,0.064,-0.03742704210590462,-0.17877805389076754,0.11142333694419897,0.101,5.342204579912201,3.8077760881160563,0,0.0470668746989688,-0.8060606060606059,0.004862061101964607
Th17n.Div.1.DHEA,hypoxia_hif,8,0.2518878025285179,-0.2215460093761702,0.2098250756203987,0.022,-0.0159408200162158,-0.21098531256803832,0.1758947422956474,0.008,4.894752667416224,3.8077760881160563,0,0.0470668746989688,-0.8060606060606059,0.004862061101964607
Th17n.Div.1.DHEA,glycolysis,15,0.14206009512636,-0.14576180081852091,0.15550920013025568,0.082,-0.07663079680387017,-0.19780059041648504,0.05798119062476936,0.004,9.750083800043424,3.8077760881160563,0,0.0470668746989688,-0.8060606060606059,0.004862061101964607
Th17n.Div.1.DHEA,cell_cycle,16,-0.2150818195566816,-0.1420752948236177,0.14527320364442342,0.003,-0.10191693972876277,-0.20941711028387688,0.001822468748249983,0.041,7.931385686093224,3.8077760881160563,0,0.0470668746989688,-0.8060606060606059,0.004862061101964607
Th17n.Div.1.DHEA,amino_acid_transport,9,-0.0393486677998722,-0.19091592798126197,0.22052733817463438,0.639,-0.016349291030374084,-0.18293252614391114,0.16365544086515454,0.784,3.616058717799677,3.8077760881160563,0,0.0470668746989688,-0.8060606060606059,0.004862061101964607
Th17n.Div.1.DHEA,serine_one_carbon,13,-0.1525454357488373,-0.1579356026723697,0.16924108735136734,0.062,-0.07364195623594412,-0.20676419287624034,0.06509741109112746,0.257,7.054705602771122,3.8077760881160563,0,0.0470668746989688,-0.8060606060606059,0.004862061101964607
Th17n.Div.1.DHEA,cholesterol_srebp,12,0.10413660248043224,-0.16026495333055232,0.17112925466642845,0.227,-0.03327092406299787,-0.1819461576303777,0.12322694266339694,0.084,5.390152901222004,3.8077760881160563,0,0.0470668746989688,-0.8060606060606059,0.004862061101964607
Th17n.Div.1.DHEA,th17_effector,9,-1.1782213931999557,-0.20153055257023902,0.2022498854146191,0.0,-0.019931947777243428,-0.22332604150913335,0.18278847541733267,0.0,5.596741638533541,3.8077760881160563,3,0.0470668746989688,-0.8060606060606059,0.004862061101964607
Th17n.Div.1.DHEA,ribosomal_proteins,92,0.007170238439594197,-0.056571069231600435,0.0612502531698743,0.858,-0.09572807090533891,-0.14621428981847728,-0.04683415590324752,0.0,11.348287512250621,3.8077760881160563,0,0.0470668746989688,-0.8060606060606059,0.004862061101964607
Th17n.Div.1.DHEA,oxphos_subunits,96,-0.1247305605402155,-0.05649786736910987,0.06066984891944585,0.0,-0.08820020818103794,-0.13876885659308819,-0.04084690780886149,0.15,8.0435443106722,3.8077760881160563,0,0.0470668746989688,-0.8060606060606059,0.004862061101964607
Th17n.Div.1.DHEA,histones,61,-0.2632561421074978,-0.07060601455196432,0.07984917998248298,0.0,0.013054986764957694,-0.0599040820840538,0.08462167849786129,0.0,3.2501814359438117,3.8077760881160563,1,0.0470668746989688,-0.8060606060606059,0.004862061101964607
Th17n.Div.1.DHEA,heat_shock,56,-0.0454945866467679,-0.08388259678195428,0.07742932236746561,0.264,-0.012858859412747215,-0.0971338162717114,0.07028672359281621,0.405,4.277480429370148,3.8077760881160563,0,0.0470668746989688,-0.8060606060606059,0.004862061101964607
Th17p.Div.1.EGCG,integrated_stress_response,13,-0.5997892437540377,-0.19388331992095703,0.22607906596780125,0.0,-0.005412081335876907,-0.18748473929924142,0.21142806798058258,0.0,4.521619185785544,3.774922894788648,0,0.1157967691555761,-0.5757575757575757,0.08155281477260244
Th17p.Div.1.EGCG,unfolded_protein_response,13,-0.1044820857970983,-0.1863934843632481,0.23148962471478707,0.281,-0.04278201693369694,-0.23655003499238378,0.15783724454574785,0.508,6.459695467320981,3.774922894788648,0,0.1157967691555761,-0.5757575757575757,0.08155281477260244
Th17p.Div.1.EGCG,nrf2_oxidative_stress,13,-0.0233297316876393,-0.17985236551689135,0.20894085145323552,0.744,-0.014548972356993272,-0.20713693855979498,0.20930038702105366,0.923,5.468359055233254,3.774922894788648,0,0.1157967691555761,-0.5757575757575757,0.08155281477260244
Th17p.Div.1.EGCG,hypoxia_hif,9,-0.2765997078587636,-0.2124300730923434,0.27966148341123465,0.031,0.01084512555706787,-0.22002603924850403,0.2739331294616079,0.022,5.163996852894756,3.774922894788648,0,0.1157967691555761,-0.5757575757575757,0.08155281477260244
Th17p.Div.1.EGCG,glycolysis,15,-0.31645491532182557,-0.16718840381689293,0.1948901796180766,0.002,-0.06883103106347971,-0.2474922290651466,0.09819361678350755,0.004,10.337163440277855,3.774922894788648,0,0.1157967691555761,-0.5757575757575757,0.08155281477260244
Th17p.Div.1.EGCG,cell_cycle,16,-0.5316162779670375,-0.16698044095965628,0.2083171794836986,0.0,-0.07794974470287565,-0.24659136235905832,0.07132403075102622,0.0,7.777835746868925,3.774922894788648,0,0.1157967691555761,-0.5757575757575757,0.08155281477260244
Th17p.Div.1.EGCG,amino_acid_transport,9,-0.3381111527159434,-0.2371867158090028,0.26875609800800665,0.011,-0.0065673174958029885,-0.23776442892648111,0.26038041007309726,0.016,3.9925195679791696,3.774922894788648,0,0.1157967691555761,-0.5757575757575757,0.08155281477260244
Th17p.Div.1.EGCG,serine_one_carbon,13,-0.5041371337044688,-0.1780256796418084,0.21439262678025844,0.0,-0.06035498076205366,-0.2429693362009597,0.1311323485541038,0.001,7.560283568237782,3.774922894788648,0,0.1157967691555761,-0.5757575757575757,0.08155281477260244
Th17p.Div.1.EGCG,cholesterol_srebp,12,-0.18159854888670726,-0.179771339005172,0.2326321034194023,0.075,-0.008821593408326781,-0.20180197423897941,0.18965620646452533,0.079,5.902124043010524,3.774922894788648,0,0.1157967691555761,-0.5757575757575757,0.08155281477260244
Th17p.Div.1.EGCG,th17_effector,9,-0.7314720172387275,-0.21539275043117895,0.29173232821259104,0.0,-0.010817581160629138,-0.2336107173819589,0.24959093828049525,0.001,5.08429544879417,3.774922894788648,3,0.1157967691555761,-0.5757575757575757,0.08155281477260244
Th17p.Div.1.EGCG,ribosomal_proteins,93,-0.349116916003787,-0.0740002640795399,0.08139594966723616,0.0,-0.08446401995737514,-0.14935752739828426,-0.024977072355367735,0.0,11.107341855279032,3.774922894788648,0,0.1157967691555761,-0.5757575757575757,0.08155281477260244
Th17p.Div.1.EGCG,oxphos_subunits,97,-0.012256899752993697,-0.06494845531482221,0.07736220437460392,0.685,-0.07535516780473549,-0.14372141001291439,-0.007813642983000664,0.076,8.159551824878932,3.774922894788648,0,0.1157967691555761,-0.5757575757575757,0.08155281477260244
Th17p.Div.1.EGCG,histones,61,-0.595118217240306,-0.0899932574988868,0.09586195199804781,0.0,0.021990382133297678,-0.06860426142968638,0.12241712867097378,0.0,3.102582453244931,3.774922894788648,0,0.1157967691555761,-0.5757575757575757,0.08155281477260244
Th17p.Div.1.EGCG,heat_shock,56,0.03447702370898065,-0.08210849452646621,0.09793406815898643,0.528,-0.006610566334475029,-0.09463457140847355,0.08703820649930308,0.372,4.316624335242098,3.774922894788648,0,0.1157967691555761,-0.5757575757575757,0.08155281477260244
Th17p.Div.1.DHEA,integrated_stress_response,13,-0.1498028566487249,-0.1595221361401058,0.1822746241661833,0.072,-0.005616555992623493,-0.1573032453724717,0.1713115832056662,0.084,4.622781847506476,3.7513611365812083,0,0.0047198808387349,-0.9151515151515152,0.00020447240614883226
Th17p.Div.1.DHEA,unfolded_protein_response,13,-0.0912498179685918,-0.14951344107447803,0.1854474772556361,0.25,-0.04801931172143971,-0.1811832066365766,0.10407737741952144,0.562,6.479995965319114,3.7513611365812083,0,0.0047198808387349,-0.9151515151515152,0.00020447240614883226
Th17p.Div.1.DHEA,nrf2_oxidative_stress,13,0.03186923950912671,-0.16059232684600377,0.17189753779237701,0.681,-0.024816252943419933,-0.1807953852391025,0.15851368498358914,0.475,5.287136618540023,3.7513611365812083,0,0.0047198808387349,-0.9151515151515152,0.00020447240614883226
Th17p.Div.1.DHEA,hypoxia_hif,8,0.5279842749404585,-0.18849569312043862,0.25728162012892297,0.0,-0.06642373744735433,-0.24052144029548403,0.14408753482168343,0.0,5.824709787027517,3.7513611365812083,0,0.0047198808387349,-0.9151515151515152,0.00020447240614883226
Th17p.Div.1.DHEA,glycolysis,15,0.17621132465192,-0.15727968199446954,0.17461345682881232,0.039,-0.0715024813563009,-0.19827952967758816,0.06599099382394762,0.001,10.54616833115788,3.7513611365812083,0,0.0047198808387349,-0.9151515151515152,0.00020447240614883226
Th17p.Div.1.DHEA,cell_cycle,16,-0.14905434891698896,-0.12241530435743013,0.15689824131516913,0.033,-0.0825346170436713,-0.19445715715137016,0.0459530830926897,0.235,7.9162296650705954,3.7513611365812083,0,0.0047198808387349,-0.9151515151515152,0.00020447240614883226
Th17p.Div.1.DHEA,amino_acid_transport,9,-0.14589418643139979,-0.17753460084789865,0.23802291545494708,0.135,-0.001687953068568786,-0.17640706708645326,0.19505985378880888,0.125,4.003316851411994,3.7513611365812083,0,0.0047198808387349,-0.9151515151515152,0.00020447240614883226
Th17p.Div.1.DHEA,serine_one_carbon,13,-0.1508548758340583,-0.1542961796876545,0.19390062230142432,0.072,-0.07271554572648177,-0.20433824110419627,0.07376425961010456,0.273,7.76208533864582,3.7513611365812083,0,0.0047198808387349,-0.9151515151515152,0.00020447240614883226
Th17p.Div.1.DHEA,cholesterol_srebp,12,-0.26458305274508287,-0.16556000479363034,0.18929173880462663,0.004,-0.05880633167744367,-0.19446431484043777,0.10674675061009213,0.011,5.897054291516836,3.7513611365812083,0,0.0047198808387349,-0.9151515151515152,0.00020447240614883226
Th17p.Div.1.DHEA,th17_effector,9,-1.118741140061319,-0.18616023526314013,0.22251075531343398,0.0,-0.008185546813616327,-0.1920332326792183,0.19355323218026443,0.0,4.401253435257894,3.7513611365812083,3,0.0047198808387349,-0.9151515151515152,0.00020447240614883226
Th17p.Div.1.DHEA,ribosomal_proteins,92,0.06814125946347631,-0.05502074215521935,0.06469991688610591,0.039,-0.07472166837193704,-0.11966588743071244,-0.024392169459986606,0.0,11.242839827235965,3.7513611365812083,0,0.0047198808387349,-0.9151515151515152,0.00020447240614883226
Th17p.Div.1.DHEA,oxphos_subunits,96,-0.07443898895305734,-0.05529469559077266,0.06415306372523932,0.009,-0.07595686201980638,-0.11986151509236845,-0.029135762833452268,0.938,8.094372928140718,3.7513611365812083,0,0.0047198808387349,-0.9151515151515152,0.00020447240614883226
Th17p.Div.1.DHEA,histones,61,-0.0524045968614012,-0.0734825472258824,0.07769713598451204,0.154,0.01832381347452391,-0.05960468080381847,0.10107667808321162,0.08,3.199840015888052,3.7513611365812083,1,0.0047198808387349,-0.9151515151515152,0.00020447240614883226
Th17p.Div.1.DHEA,heat_shock,56,-0.059187244733320696,-0.07182753144388808,0.0846045888749057,0.119,-0.00426806419541866,-0.07859227804943876,0.0736297814222171,0.167,4.26390337731385,3.7513611365812083,0,0.0047198808387349,-0.9151515151515152,0.00020447240614883226
