dataset	mouse_id	age	age_months	sex	tissue	method	cells	source_cells	source_table	_merge	cell_difference
Bladder_droplet	1-M-63	1m	1	male	Bladder	droplet	956	970.0	supplement_table_2.xlsx	both	-14.0
Bladder_droplet	18-M-52	18m	18	male	Bladder	droplet	2015	2047.0	supplement_table_2.xlsx	both	-32.0
Bladder_droplet	24-M-58	24m	24	male	Bladder	droplet	1381	1407.0	supplement_table_2.xlsx	both	-26.0
Bladder_droplet	24-M-59	24m	24	male	Bladder	droplet	1034	1056.0	supplement_table_2.xlsx	both	-22.0
Bladder_droplet	24-M-60	24m	24	male	Bladder	droplet	937	967.0	supplement_table_2.xlsx	both	-30.0
Bladder_droplet	3-F-56	3m	3	female	Bladder	droplet	568	568.0	supplement_table_2.xlsx	both	0.0
Bladder_droplet	3-M-8	3m	3	male	Bladder	droplet	143	147.0	supplement_table_2.xlsx	both	-4.0
Bladder_droplet	3-M-9	3m	3	male	Bladder	droplet	1783	1783.0	supplement_table_2.xlsx	both	0.0
Brain_Myeloid_facs	24_58_M	24m	24	male	Brain_Myeloid	facs	1253	1253.0	supplement_table_1.xlsx	both	0.0
Brain_Myeloid_facs	24_59_M	24m	24	male	Brain_Myeloid	facs	1050	1050.0	supplement_table_1.xlsx	both	0.0
Brain_Myeloid_facs	24_60_M	24m	24	male	Brain_Myeloid	facs	1195	1195.0	supplement_table_1.xlsx	both	0.0
Brain_Myeloid_facs	24_61_M	24m	24	male	Brain_Myeloid	facs	926	926.0	supplement_table_1.xlsx	both	0.0
Brain_Myeloid_facs	3_10_M	3m	3	male	Brain_Myeloid	facs	1019	1019.0	supplement_table_1.xlsx	both	0.0
Brain_Myeloid_facs	3_38_F	3m	3	female	Brain_Myeloid	facs	1102	1102.0	supplement_table_1.xlsx	both	0.0
Brain_Myeloid_facs	3_39_F	3m	3	female	Brain_Myeloid	facs	852	852.0	supplement_table_1.xlsx	both	0.0
Brain_Myeloid_facs	3_56_F	3m	3	female	Brain_Myeloid	facs	294	294.0	supplement_table_1.xlsx	both	0.0
Brain_Myeloid_facs	3_8_M	3m	3	male	Brain_Myeloid	facs	587	587.0	supplement_table_1.xlsx	both	0.0
Brain_Myeloid_facs	3_9_M	3m	3	male	Brain_Myeloid	facs	678	678.0	supplement_table_1.xlsx	both	0.0
Kidney_droplet	1-M-62	1m	1	male	Kidney	droplet	1163	1325.0	supplement_table_2.xlsx	both	-162.0
Kidney_droplet	1-M-63	1m	1	male	Kidney	droplet	1054	1163.0	supplement_table_2.xlsx	both	-109.0
Kidney_droplet	18-F-50	18m	18	female	Kidney	droplet	744	825.0	supplement_table_2.xlsx	both	-81.0
Kidney_droplet	18-F-51	18m	18	female	Kidney	droplet	1116	1197.0	supplement_table_2.xlsx	both	-81.0
Kidney_droplet	18-M-52	18m	18	male	Kidney	droplet	1028	1116.0	supplement_table_2.xlsx	both	-88.0
Kidney_droplet	21-F-54	21m	21	female	Kidney	droplet	1075	1167.0	supplement_table_2.xlsx	both	-92.0
Kidney_droplet	21-F-55	21m	21	female	Kidney	droplet	997	1090.0	supplement_table_2.xlsx	both	-93.0
Kidney_droplet	24-M-58	24m	24	male	Kidney	droplet	2261	2890.0	supplement_table_2.xlsx	both	-629.0
Kidney_droplet	24-M-59	24m	24	male	Kidney	droplet	2392	2831.0	supplement_table_2.xlsx	both	-439.0
Kidney_droplet	3-F-57	3m	3	female	Kidney	droplet	1020	1118.0	supplement_table_2.xlsx	both	-98.0
Kidney_droplet	3-M-8	3m	3	male	Kidney	droplet	485	524.0	supplement_table_2.xlsx	both	-39.0
Kidney_droplet	3-M-9	3m	3	male	Kidney	droplet	595	688.0	supplement_table_2.xlsx	both	-93.0
Kidney_droplet	30-M-2	30m	30	male	Kidney	droplet	1734	1841.0	supplement_table_2.xlsx	both	-107.0
Kidney_droplet	30-M-3	30m	30	male	Kidney	droplet	1277	1462.0	supplement_table_2.xlsx	both	-185.0
Kidney_droplet	30-M-4	30m	30	male	Kidney	droplet	1225	1396.0	supplement_table_2.xlsx	both	-171.0
Kidney_droplet	30-M-5	30m	30	male	Kidney	droplet	935	1014.0	supplement_table_2.xlsx	both	-79.0
Lung_droplet	1-M-62	1m	1	male	Lung	droplet	1192	1078.0	supplement_table_2.xlsx	both	114.0
Lung_droplet	1-M-63	1m	1	male	Lung	droplet	1702	1430.0	supplement_table_2.xlsx	both	272.0
Lung_droplet	18-F-50	18m	18	female	Lung	droplet	331	331.0	supplement_table_2.xlsx	both	0.0
Lung_droplet	18-F-51	18m	18	female	Lung	droplet	1157	1159.0	supplement_table_2.xlsx	both	-2.0
Lung_droplet	18-M-52	18m	18	male	Lung	droplet	1804	1603.0	supplement_table_2.xlsx	both	201.0
Lung_droplet	18-M-53	18m	18	male	Lung	droplet	1488	1283.0	supplement_table_2.xlsx	both	205.0
Lung_droplet	21-F-54	21m	21	female	Lung	droplet	1611	1367.0	supplement_table_2.xlsx	both	244.0
Lung_droplet	21-F-55	21m	21	female	Lung	droplet	1819	1584.0	supplement_table_2.xlsx	both	235.0
Lung_droplet	3-F-56	3m	3	female	Lung	droplet	450	362.0	supplement_table_2.xlsx	both	88.0
Lung_droplet	3-F-57	3m	3	female	Lung	droplet	1093	1001.0	supplement_table_2.xlsx	both	92.0
Lung_droplet	3-M-5/6	3m	3	male	Lung	droplet	512	587.0	supplement_table_2.xlsx	both	-75.0
Lung_droplet	3-M-7/8	3m	3	male	Lung	droplet	1346	1662.0	supplement_table_2.xlsx	both	-316.0
Lung_droplet	30-M-3	30m	30	male	Lung	droplet	1506	1638.0	supplement_table_2.xlsx	both	-132.0
Lung_droplet	30-M-4	30m	30	male	Lung	droplet	933	936.0	supplement_table_2.xlsx	both	-3.0
Lung_droplet	30-M-5	30m	30	male	Lung	droplet	547	505.0	supplement_table_2.xlsx	both	42.0
Lung_facs	24_58_M	24m	24	male	Lung	facs	445	427.0	supplement_table_1.xlsx	both	18.0
Lung_facs	24_59_M	24m	24	male	Lung	facs	462	438.0	supplement_table_1.xlsx	both	24.0
Lung_facs	24_60_M	24m	24	male	Lung	facs	568	473.0	supplement_table_1.xlsx	both	95.0
Lung_facs	24_61_M	24m	24	male	Lung	facs	585	539.0	supplement_table_1.xlsx	both	46.0
Lung_facs	3_10_M	3m	3	male	Lung	facs	128	117.0	supplement_table_1.xlsx	both	11.0
Lung_facs	3_11_M	3m	3	male	Lung	facs	126	122.0	supplement_table_1.xlsx	both	4.0
Lung_facs	3_38_F	3m	3	female	Lung	facs	414	380.0	supplement_table_1.xlsx	both	34.0
Lung_facs	3_39_F	3m	3	female	Lung	facs	365	336.0	supplement_table_1.xlsx	both	29.0
Lung_facs	3_8_M	3m	3	male	Lung	facs	237	224.0	supplement_table_1.xlsx	both	13.0
Lung_facs	3_9_M	3m	3	male	Lung	facs	202	202.0	supplement_table_1.xlsx	both	0.0
