age_months	mouse_id	total_focal_cells	observed_local_fraction	young_reference_standardized	equal_tissue_fraction
3	3_38_F	352	0.00568181818181818	0.0155137201508169	0.0833333333333333
3	3_39_F	434	0.0115207373271889	0.0129753758786017	0.0264550264550265
18	18_45_M	339	0.0147492625368732	0.00517124005027231	0.0277777777777778
18	18_47_F	445	0.166292134831461	0.0759278070058586	0.216743757588383
18	18_53_M	343	0.0962099125364431	0.0948943580643568	0.140978634799928
24	24_58_M	347	0.0230547550432277	0.0158964412211165	0.031118639814292
24	24_59_M	329	0.0121580547112462	0.00370476899123986	0.0199004975124378
24	24_60_M	215	0.0604651162790698	0.0432830147715126	0.0679083461341526
24	24_61_M	226	0.115044247787611	0.112667170860936	0.109647893901186
