donor	arm	medium	unit_id	cells	library_size	TMM_factor
pat1	control	FCS	pat1_control_FCS	142	1784189	0.894511189361108
pat1	SCoV1	FCS	pat1_SCoV1_FCS	195	2555431	0.951152706359215
pat1	SCoV2	FCS	pat1_SCoV2_FCS	113	643294	1.15991809575896
pat3	control	FCS	pat3_control_FCS	63	1106986	1.14210010496518
pat3	SCoV1	FCS	pat3_SCoV1_FCS	81	790813	0.85456900156063
pat4	control	FCS	pat4_control_FCS	309	2083605	1.0429142948163
pat4	SCoV1	FCS	pat4_SCoV1_FCS	641	4867795	0.870205424572436
pat4	SCoV2	FCS	pat4_SCoV2_FCS	386	2707375	0.864790396648262
pat6	control	FCS	pat6_control_FCS	188	2530521	1.2168881299801
pat6	SCoV1	FCS	pat6_SCoV1_FCS	122	2451163	1.07433281550915
pat6	SCoV2	FCS	pat6_SCoV2_FCS	130	2211867	1.01184638175747
