endpoint,verdict,GSM7890835_unadjusted,GSM7890835_thinned_3000_UMI,GSM7890835_rank_biserial,GSM7890835_depth_residualized,GSM7890835_depth_decile_stratified,GSM7890836_unadjusted,GSM7890836_thinned_3000_UMI,GSM7890836_rank_biserial,GSM7890836_depth_residualized,GSM7890836_depth_decile_stratified
cycling,depth_dependent_or_inconclusive,-0.03649908562950102,-0.15523633809650716,-0.10782523069104077,-0.1997832644453988,-0.3435081082944307,0.47910656019751485,,0.19773489932885902,0.35633932504796534,0.29800457720317497
priming_associated,depth_dependent_or_inconclusive,1.6003616185067977,1.5046046107037687,0.7517589695535474,1.5074974879355643,1.3762259786466904,2.1682285070237652,,0.8522930648769576,1.9927619802295868,1.956369197821833
AT2_identity,depth_dependent_or_inconclusive,0.9354137931687747,0.960788008996925,0.5318520400870352,0.8676009066382135,0.6735852364810029,1.4136608431090434,,0.7030201342281879,1.274905005839675,1.3845679141861784
AT1_identity,depth_dependent_or_inconclusive,0.8462005627637328,0.7252331650268702,0.48522147928148285,0.7353194672573852,0.855323944592705,0.5237196249279138,,0.2931767337807607,0.4780849292222269,0.5417696654757225
Itga2,depth_dependent_or_inconclusive,-0.4789540518084877,-0.3308940433008785,-0.2847227736924861,-0.4144369649227001,-0.33591391198694914,-0.7520871254010721,,-0.40645973154362414,-0.7360338147791243,-0.9698231176320521
transition_RNA,depth_dependent_or_inconclusive,-0.17852016066745774,-0.23676177051912548,-0.12691580769658373,-0.2841883139964784,-0.2555717638716199,-0.79459675401272,,-0.4873601789709172,-0.8267013388973543,-0.874093620524404
shared_gate_cycle_stress_disjoint,depth_dependent_or_inconclusive,-0.695827040862055,-0.6636299143581932,-0.3900544764385433,-0.7718370050579784,-0.7013684666361412,-1.2097752689099233,,-0.5895413870246085,-1.1898057870645735,-1.2066481660517931
lesion_gate_cycle_stress_disjoint,depth_dependent_or_inconclusive,-0.8784583606663822,-0.7260583416205444,-0.519527341454505,-0.8123038668967041,-0.5697095181802947,-1.0960644645017317,,-0.6306487695749441,-1.0474473964707482,-1.130151452811135
TNFA_NFKB_RNA_disjoint,depth_dependent_or_inconclusive,-0.004072878492672754,-0.09207172146317137,0.03428997982942361,-0.04877542515443397,0.17513387991307372,-0.3804247221673095,,-0.21722595078299778,-0.4335234292553986,-0.5466064848224841
Nfkbia,depth_dependent_or_inconclusive,0.17734180291063145,0.0046366576950953465,0.12913933580039072,0.08384044315917427,0.13734020307398068,-0.28091851091251174,,-0.1408836689038031,-0.31463162975024894,-0.3438096295448691
hypoxia_control,depth_dependent_or_inconclusive,0.10687337912661962,0.015157061668274577,0.08308053936438853,0.044584923404214695,0.3417382007236143,-0.3511173483986012,,-0.23305369127516784,-0.4617646232609887,-0.6017583071928406
P53_RNA_control,depth_dependent_or_inconclusive,-0.1618020363611361,-0.20877519953352194,-0.06964407667995487,-0.21797911754996022,-0.057161733174031504,-0.8093032385612292,,-0.4650447427293065,-0.8402538392296889,-0.9394870224717299
