experiment,cluster,n_cells,n_pos,n_neg,status,endpoint,smd
1,0,4439,1,4438,unavailable,,
1,1,2447,0,2447,unavailable,,
1,2,2208,0,2208,unavailable,,
1,3,3637,3,3634,unavailable,,
1,4,1186,6,1180,unavailable,,
1,5,124,1,123,unavailable,,
1,6,1159,6,1153,unavailable,,
1,7,3915,1,3914,unavailable,,
1,8,1108,4,1104,unavailable,,
1,9,411,1,410,unavailable,,
1,10,252,36,216,estimated,cycling,-0.019058413030394718
1,10,252,36,216,estimated,priming_associated,0.3583803262801186
1,10,252,36,216,estimated,AT2_identity,0.14687572013892466
1,10,252,36,216,estimated,AT1_identity,-0.28610806714680376
1,10,252,36,216,estimated,Itga2,-0.07337090886046864
1,10,252,36,216,estimated,transition_RNA,0.06211787898058452
1,10,252,36,216,estimated,shared_gate_cycle_stress_disjoint,0.4499210098554052
1,10,252,36,216,estimated,lesion_gate_cycle_stress_disjoint,0.1928476519268852
1,10,252,36,216,estimated,TNFA_NFKB_RNA_disjoint,-0.027857882316200615
1,10,252,36,216,estimated,Nfkbia,0.06353248061148457
1,10,252,36,216,estimated,hypoxia_control,0.19544951420877557
1,10,252,36,216,estimated,P53_RNA_control,0.2612657806935077
1,11,1269,27,1242,unavailable,,
1,12,1182,108,1074,estimated,cycling,-0.05548099151986624
1,12,1182,108,1074,estimated,priming_associated,-0.0767444919971594
1,12,1182,108,1074,estimated,AT2_identity,-0.19529637411366405
1,12,1182,108,1074,estimated,AT1_identity,0.38725308737789466
1,12,1182,108,1074,estimated,Itga2,0.5745051788374754
1,12,1182,108,1074,estimated,transition_RNA,0.7339846014348143
1,12,1182,108,1074,estimated,shared_gate_cycle_stress_disjoint,0.4254954952716478
1,12,1182,108,1074,estimated,lesion_gate_cycle_stress_disjoint,0.6480185107520577
1,12,1182,108,1074,estimated,TNFA_NFKB_RNA_disjoint,0.626407595747322
1,12,1182,108,1074,estimated,Nfkbia,0.24530762047743668
1,12,1182,108,1074,estimated,hypoxia_control,0.7178037658066098
1,12,1182,108,1074,estimated,P53_RNA_control,0.7265100115867296
1,13,3047,4,3043,unavailable,,
1,14,414,0,414,unavailable,,
1,15,876,0,876,unavailable,,
1,16,1583,321,1262,estimated,cycling,0.2068067847828074
1,16,1583,321,1262,estimated,priming_associated,0.015270958064436015
1,16,1583,321,1262,estimated,AT2_identity,-0.36404280446261394
1,16,1583,321,1262,estimated,AT1_identity,0.39353497376834956
1,16,1583,321,1262,estimated,Itga2,0.6822348378854026
1,16,1583,321,1262,estimated,transition_RNA,0.9292836625275391
1,16,1583,321,1262,estimated,shared_gate_cycle_stress_disjoint,0.5510576465920208
1,16,1583,321,1262,estimated,lesion_gate_cycle_stress_disjoint,0.31703957749652617
1,16,1583,321,1262,estimated,TNFA_NFKB_RNA_disjoint,0.156357307156015
1,16,1583,321,1262,estimated,Nfkbia,-0.16036169852837245
1,16,1583,321,1262,estimated,hypoxia_control,0.5555901860530724
1,16,1583,321,1262,estimated,P53_RNA_control,0.20989976302776864
1,17,1087,114,973,estimated,cycling,0.08844227198037212
1,17,1087,114,973,estimated,priming_associated,0.3586077159978917
1,17,1087,114,973,estimated,AT2_identity,0.05190213706355392
1,17,1087,114,973,estimated,AT1_identity,0.3102185079843814
1,17,1087,114,973,estimated,Itga2,0.07126050200404968
1,17,1087,114,973,estimated,transition_RNA,-0.12558601627525054
1,17,1087,114,973,estimated,shared_gate_cycle_stress_disjoint,-0.09787976178041699
1,17,1087,114,973,estimated,lesion_gate_cycle_stress_disjoint,-0.09162708456931626
1,17,1087,114,973,estimated,TNFA_NFKB_RNA_disjoint,0.012721486371841345
1,17,1087,114,973,estimated,Nfkbia,-0.17615518817036127
1,17,1087,114,973,estimated,hypoxia_control,0.07411841026644563
1,17,1087,114,973,estimated,P53_RNA_control,0.0007474635051624469
1,18,386,80,306,estimated,cycling,0.24123300217985078
1,18,386,80,306,estimated,priming_associated,2.3230397920415164
1,18,386,80,306,estimated,AT2_identity,1.2658434744066454
1,18,386,80,306,estimated,AT1_identity,1.2176095782014684
1,18,386,80,306,estimated,Itga2,-0.5371425638626698
1,18,386,80,306,estimated,transition_RNA,-0.8884177750041337
1,18,386,80,306,estimated,shared_gate_cycle_stress_disjoint,-0.9770637487190754
1,18,386,80,306,estimated,lesion_gate_cycle_stress_disjoint,-1.204404052654132
1,18,386,80,306,estimated,TNFA_NFKB_RNA_disjoint,-0.20720763368130546
1,18,386,80,306,estimated,Nfkbia,-0.20180818720610236
1,18,386,80,306,estimated,hypoxia_control,-0.20260622875224552
1,18,386,80,306,estimated,P53_RNA_control,-0.6240047283510723
2,0,913,0,913,unavailable,,
2,1,1038,0,1038,unavailable,,
2,2,835,0,835,unavailable,,
2,3,1066,0,1066,unavailable,,
2,4,1633,2,1631,unavailable,,
2,5,1219,0,1219,unavailable,,
2,6,159,7,152,unavailable,,
2,7,862,0,862,unavailable,,
2,8,24,7,17,unavailable,,
2,9,73,0,73,unavailable,,
2,10,524,80,444,estimated,cycling,-0.08415415863329559
2,10,524,80,444,estimated,priming_associated,0.5972055119139251
2,10,524,80,444,estimated,AT2_identity,-0.34442070077497333
2,10,524,80,444,estimated,AT1_identity,0.035795061642739975
2,10,524,80,444,estimated,Itga2,1.00713880900088
2,10,524,80,444,estimated,transition_RNA,0.7155959394772317
2,10,524,80,444,estimated,shared_gate_cycle_stress_disjoint,0.28403628431315886
2,10,524,80,444,estimated,lesion_gate_cycle_stress_disjoint,-0.010227533038093768
2,10,524,80,444,estimated,TNFA_NFKB_RNA_disjoint,-0.13476103594879113
2,10,524,80,444,estimated,Nfkbia,-0.19617586854339694
2,10,524,80,444,estimated,hypoxia_control,-0.02720834800238499
2,10,524,80,444,estimated,P53_RNA_control,0.02089899944073484
2,11,671,4,667,unavailable,,
2,12,187,55,132,estimated,cycling,0.0175841765782706
2,12,187,55,132,estimated,priming_associated,1.3076804709656304
2,12,187,55,132,estimated,AT2_identity,0.6971651058632464
2,12,187,55,132,estimated,AT1_identity,-0.39143113890851244
2,12,187,55,132,estimated,Itga2,0.11608857080611834
2,12,187,55,132,estimated,transition_RNA,-0.3308870611597425
2,12,187,55,132,estimated,shared_gate_cycle_stress_disjoint,-0.7338035560124214
2,12,187,55,132,estimated,lesion_gate_cycle_stress_disjoint,-0.3823676276210411
2,12,187,55,132,estimated,TNFA_NFKB_RNA_disjoint,-0.04666757670204661
2,12,187,55,132,estimated,Nfkbia,-0.038994332047655136
2,12,187,55,132,estimated,hypoxia_control,0.031244287561066193
2,12,187,55,132,estimated,P53_RNA_control,-0.26357633491044746
2,13,76,0,76,unavailable,,
2,14,27,0,27,unavailable,,
